[Licensing::Module] Trying to connect to existing licensing client channel...
Built from '6000.0/staging' branch; Version is '6000.0.68f1 (e1e9baaf294b) revision 14805434'; Using compiler version '193933523'; Build Type 'Release'
OS: 'Windows 11  (10.0.22631) Professional' Language: 'pl' Physical Memory: 32720 MB
BatchMode: 1, IsHumanControllingUs: 0, StartBugReporterOnCrash: 0, Is64bit: 1
System  architecture: x64
[Licensing::IpcConnector] Successfully connected to: "LicenseClient-Łukasz" at "2026-10-03T05:11:22.1204627Z"
Process architecture: x64
Date: 2026-10-03T05:11:22Z

COMMAND LINE ARGUMENTS:
C:\Program Files\Unity\Hub\Editor\6000.0.68f1\Editor\Unity.exe
-adb2
-batchMode
-noUpm
-name
AssetImportWorker1
-projectPath
F:/Game Project/MultiplayerProject/MultiplayerProject-CDV
-logFile
Logs/AssetImportWorker1.log
-srvPort
61620
-licensingIpc
LicenseClient-Łukasz
-job-worker-count
5
-background-job-worker-count
8
-gc-helper-count
1
-name
AssetImport
Successfully changed project path to: F:/Game Project/MultiplayerProject/MultiplayerProject-CDV
F:/Game Project/MultiplayerProject/MultiplayerProject-CDV
[UnityMemory] Configuration Parameters - Can be set up in boot.config
    "memorysetup-bucket-allocator-granularity=16"
    "memorysetup-bucket-allocator-bucket-count=8"
    "memorysetup-bucket-allocator-block-size=33554432"
    "memorysetup-bucket-allocator-block-count=8"
    "memorysetup-main-allocator-block-size=16777216"
    "memorysetup-thread-allocator-block-size=16777216"
    "memorysetup-gfx-main-allocator-block-size=16777216"
    "memorysetup-gfx-thread-allocator-block-size=16777216"
    "memorysetup-cache-allocator-block-size=4194304"
    "memorysetup-typetree-allocator-block-size=2097152"
    "memorysetup-profiler-bucket-allocator-granularity=16"
    "memorysetup-profiler-bucket-allocator-bucket-count=8"
    "memorysetup-profiler-bucket-allocator-block-size=33554432"
    "memorysetup-profiler-bucket-allocator-block-count=8"
    "memorysetup-profiler-allocator-block-size=16777216"
    "memorysetup-profiler-editor-allocator-block-size=1048576"
    "memorysetup-temp-allocator-size-main=16777216"
    "memorysetup-job-temp-allocator-block-size=2097152"
    "memorysetup-job-temp-allocator-block-size-background=1048576"
    "memorysetup-job-temp-allocator-reduction-small-platforms=262144"
    "memorysetup-allocator-temp-initial-block-size-main=262144"
    "memorysetup-allocator-temp-initial-block-size-worker=262144"
    "memorysetup-temp-allocator-size-background-worker=32768"
    "memorysetup-temp-allocator-size-job-worker=262144"
    "memorysetup-temp-allocator-size-preload-manager=33554432"
    "memorysetup-temp-allocator-size-nav-mesh-worker=65536"
    "memorysetup-temp-allocator-size-audio-worker=65536"
    "memorysetup-temp-allocator-size-cloud-worker=32768"
    "memorysetup-temp-allocator-size-gi-baking-worker=262144"
    "memorysetup-temp-allocator-size-gi-baking-worker=262144"
    "memorysetup-temp-allocator-size-gi-baking-worker=262144"
    "memorysetup-temp-allocator-size-gi-baking-worker=262144"
    "memorysetup-temp-allocator-size-gi-baking-worker=262144"
    "memorysetup-temp-allocator-size-gfx=262144"
Player connection [22508]  Target information:

Player connection [22508]  * "[IP] 10.42.0.121 [Port] 0 [Flags] 2 [Guid] 639497343 [EditorId] 639497343 [Version] 1048832 [Id] WindowsEditor(7,Lukasz-SPC) [Debug] 1 [PackageName] WindowsEditor [ProjectName] Editor" 

Player connection [22508]  * "[IP] 26.118.211.129 [Port] 0 [Flags] 2 [Guid] 639497343 [EditorId] 639497343 [Version] 1048832 [Id] WindowsEditor(7,Lukasz-SPC) [Debug] 1 [PackageName] WindowsEditor [ProjectName] Editor" 

Player connection [22508] Host joined multi-casting on [225.0.0.222:54997]...
Player connection [22508] Host joined alternative multi-casting on [225.0.0.222:34997]...
JobSystem: Creating JobQueue using job-worker-count value 5
Input System module state changed to: Initialized.
[Physics::Module] Initialized fallback backend.
[Physics::Module] Id: 0xdecafbad
[Licensing::Client] Code 10 while verifying Licensing Client signature (process Id: 16252, path: "D:/Unity Hub/UnityLicensingClient_V1/Unity.Licensing.Client.exe")
[Licensing::Module] LicensingClient has failed validation; ignoring
[Licensing::Client] Handshaking with LicensingClient:
  Version:                 1.18.3+d7ffd15
  Session Id:              d2161548130449308756a722d53e045d
  Correlation Id:          2c254bd9d2712f447df3c220e19a2981
  External correlation Id: 4026025334838775528
  Machine Id:              qqScb5UpjVoADNkA204v6pd3RFw=
[Licensing::Module] Successfully connected to LicensingClient on channel: "LicenseClient-Łukasz" (connect: 0.00s, validation: 0.00s, handshake: 0.06s)
[Licensing::IpcConnector] Successfully connected to: "LicenseClient-Łukasz-notifications" at "2026-10-03T05:11:22.184975Z"
[Licensing::Module] Licensing Background thread has ended after 0.07s
Library Redirect Path: Library/
[Physics::Module] Selected backend.
[Physics::Module] Name: PhysX
[Physics::Module] Id: 0xf2b8ea05
[Physics::Module] SDK Version: 4.1.2
[Physics::Module] Integration Version: 1.0.0
[Physics::Module] Threading Mode: Multi-Threaded
Refreshing native plugins compatible for Editor in 15.54 ms, found 5 plugins.
Preloading 1 native plugins for Editor in 1.98 ms.
Initialize engine version: 6000.0.68f1 (e1e9baaf294b)
[Subsystems] Discovering subsystems at path C:/Program Files/Unity/Hub/Editor/6000.0.68f1/Editor/Data/Resources/UnitySubsystems
[Subsystems] Discovering subsystems at path F:/Game Project/MultiplayerProject/MultiplayerProject-CDV/Assets
GfxDevice: creating device client; kGfxThreadingModeNonThreaded
Direct3D:
    Version:  Direct3D 11.0 [level 11.1]
    Renderer: NVIDIA GeForce GTX 1660 SUPER (ID=0x21c4)
    Vendor:   NVIDIA
    VRAM:     5966 MB
    Driver:   32.0.16.1714
Initialize mono
Mono path[0] = 'C:/Program Files/Unity/Hub/Editor/6000.0.68f1/Editor/Data/Managed'
Mono path[1] = 'C:/Program Files/Unity/Hub/Editor/6000.0.68f1/Editor/Data/MonoBleedingEdge/lib/mono/unityjit-win32'
Mono config path = 'C:/Program Files/Unity/Hub/Editor/6000.0.68f1/Editor/Data/MonoBleedingEdge/etc'
Using monoOptions --debugger-agent=transport=dt_socket,embedding=1,server=y,suspend=n,address=127.0.0.1:56884
Begin MonoManager ReloadAssembly
Registering precompiled unity dll's ...
Register platform support module: C:/Program Files/Unity/Hub/Editor/6000.0.68f1/Editor/Data/PlaybackEngines/WindowsStandaloneSupport/UnityEditor.WindowsStandalone.Extensions.dll
[Licensing::Client] Successfully resolved entitlement details
[Licensing::Module] License group:
  Id: 20066466088013-UnityPersXXXX
  Product: Unity Personal
  Type: Assigned
  Expiration: Unlimited
Register platform support module: C:/Program Files/Unity/Hub/Editor/6000.0.68f1/Editor/Data/PlaybackEngines/AndroidPlayer/UnityEditor.Android.Extensions.dll
Registered in 0.006152 seconds.
- Loaded All Assemblies, in  0.534 seconds
Native extension for Android target not found
Android Extension - Scanning For ADB Devices 299 ms
Native extension for WindowsStandalone target not found
Mono: successfully reloaded assembly
- Finished resetting the current domain, in  0.792 seconds
Domain Reload Profiling: 1323ms
	BeginReloadAssembly (198ms)
		ExecutionOrderSort (0ms)
		DisableScriptedObjects (0ms)
		BackupInstance (0ms)
		ReleaseScriptingObjects (0ms)
		CreateAndSetChildDomain (1ms)
	RebuildCommonClasses (45ms)
	RebuildNativeTypeToScriptingClass (14ms)
	initialDomainReloadingComplete (59ms)
	LoadAllAssembliesAndSetupDomain (215ms)
		LoadAssemblies (195ms)
		RebuildTransferFunctionScriptingTraits (0ms)
		AnalyzeDomain (210ms)
			TypeCache.Refresh (208ms)
				TypeCache.ScanAssembly (189ms)
			BuildScriptInfoCaches (0ms)
			ResolveRequiredComponents (1ms)
	FinalizeReload (792ms)
		ReleaseScriptCaches (0ms)
		RebuildScriptCaches (0ms)
		SetupLoadedEditorAssemblies (715ms)
			LogAssemblyErrors (0ms)
			InitializePlatformSupportModulesInManaged (408ms)
			SetLoadedEditorAssemblies (4ms)
			BeforeProcessingInitializeOnLoad (79ms)
			ProcessInitializeOnLoadAttributes (150ms)
			ProcessInitializeOnLoadMethodAttributes (74ms)
			AfterProcessingInitializeOnLoad (0ms)
			EditorAssembliesLoaded (0ms)
		ExecutionOrderSort2 (0ms)
		AwakeInstancesAfterBackupRestoration (0ms)
========================================================================
Worker process is ready to serve import requests
Import Worker Mode flag is 0x00
Begin MonoManager ReloadAssembly
[Licensing::Client] Successfully resolved entitlement details
Symbol file LoadedFromMemory is not a mono symbol file
- Loaded All Assemblies, in  1.237 seconds
Refreshing native plugins compatible for Editor in 7.00 ms, found 5 plugins.
Native extension for Android target not found
Native extension for WindowsStandalone target not found
Package Manager log level set to [2]
[Package Manager] Failed to launch server process. Reason: Unity was launched with the -noUpm command-line argument
[Package Manager] Unable to send message (not connected to server process).
[Package Manager] Cannot connect to Unity Package Manager local server
System.Reflection.TargetInvocationException: Exception has been thrown by the target of an invocation. ---> System.NullReferenceException: Object reference not set to an instance of an object
  at Unity.Multiplayer.Playmode.Workflow.Editor.ProjectDataStore..ctor (System.String directory) [0x0006e] in .\Library\PackageCache\com.unity.multiplayer.playmode@d6d235962e24\Workflow\Editor\Configuration\ProjectDataStore.cs:55 
  at Unity.Multiplayer.Playmode.Workflow.Editor.ProjectDataStore.GetMain () [0x00000] in .\Library\PackageCache\com.unity.multiplayer.playmode@d6d235962e24\Workflow\Editor\Configuration\ProjectDataStore.cs:36 
  at Unity.Multiplayer.Playmode.Workflow.Editor.WorkflowMainEditorContext..ctor (Unity.Multiplayer.Playmode.VirtualProjects.Editor.MainEditorContext mainEditorContext) [0x0002c] in .\Library\PackageCache\com.unity.multiplayer.playmode@d6d235962e24\Workflow\Editor\Contexts\WorkflowMainEditorContext.cs:15 
  at Unity.Multiplayer.Playmode.Workflow.Editor.VirtualProjectWorkflow.InitializeMPPMContexts () [0x00018] in .\Library\PackageCache\com.unity.multiplayer.playmode@d6d235962e24\Workflow\Editor\Workflow\VirtualProjectWorkflow.cs:204 
  at Unity.Multiplayer.Playmode.Workflow.Editor.VirtualProjectWorkflow+<>c.<.cctor>b__22_0 () [0x00036] in .\Library\PackageCache\com.unity.multiplayer.playmode@d6d235962e24\Workflow\Editor\Workflow\VirtualProjectWorkflow.cs:85 
  at Unity.Multiplayer.Playmode.VirtualProjects.Editor.EditorContexts.SendReadyEvent () [0x00038] in .\Library\PackageCache\com.unity.multiplayer.playmode@d6d235962e24\VirtualProjects\Editor\Contexts\EditorContexts.cs:56 
  at (wrapper managed-to-native) System.Reflection.RuntimeMethodInfo.InternalInvoke(System.Reflection.RuntimeMethodInfo,object,object[],System.Exception&)
  at System.Reflection.RuntimeMethodInfo.Invoke (System.Object obj, System.Reflection.BindingFlags invokeAttr, System.Reflection.Binder binder, System.Object[] parameters, System.Globalization.CultureInfo culture) [0x0006a] in <932fbe8ac5a946808aa5d7b95844e18c>:0 
   --- End of inner exception stack trace ---
  at System.Reflection.RuntimeMethodInfo.Invoke (System.Object obj, System.Reflection.BindingFlags invokeAttr, System.Reflection.Binder binder, System.Object[] parameters, System.Globalization.CultureInfo culture) [0x00083] in <932fbe8ac5a946808aa5d7b95844e18c>:0 
  at System.Reflection.MethodBase.Invoke (System.Object obj, System.Object[] parameters) [0x00000] in <932fbe8ac5a946808aa5d7b95844e18c>:0 
  at UnityEditor.EditorAssemblies.ProcessInitializeOnLoadMethodAttributes () [0x00056] in <9c43f02f34964a0586d7e17362cb06ae>:0 
UnityEngine.Debug:ExtractStackTraceNoAlloc (byte*,int,string)
UnityEngine.StackTraceUtility:ExtractStackTrace ()
UnityEngine.DebugLogHandler:Internal_Log (UnityEngine.LogType,UnityEngine.LogOption,string,UnityEngine.Object)
UnityEngine.DebugLogHandler:LogFormat (UnityEngine.LogType,UnityEngine.Object,string,object[])
UnityEngine.Logger:Log (UnityEngine.LogType,object)
UnityEngine.Debug:LogError (object)
UnityEditor.EditorAssemblies:ProcessInitializeOnLoadMethodAttributes ()

Mono: successfully reloaded assembly
- Finished resetting the current domain, in  1.276 seconds
Domain Reload Profiling: 2510ms
	BeginReloadAssembly (203ms)
		ExecutionOrderSort (0ms)
		DisableScriptedObjects (8ms)
		BackupInstance (0ms)
		ReleaseScriptingObjects (0ms)
		CreateAndSetChildDomain (31ms)
	RebuildCommonClasses (39ms)
	RebuildNativeTypeToScriptingClass (19ms)
	initialDomainReloadingComplete (67ms)
	LoadAllAssembliesAndSetupDomain (905ms)
		LoadAssemblies (485ms)
		RebuildTransferFunctionScriptingTraits (0ms)
		AnalyzeDomain (533ms)
			TypeCache.Refresh (346ms)
				TypeCache.ScanAssembly (316ms)
			BuildScriptInfoCaches (169ms)
			ResolveRequiredComponents (14ms)
	FinalizeReload (1276ms)
		ReleaseScriptCaches (0ms)
		RebuildScriptCaches (0ms)
		SetupLoadedEditorAssemblies (1017ms)
			LogAssemblyErrors (0ms)
			InitializePlatformSupportModulesInManaged (12ms)
			SetLoadedEditorAssemblies (8ms)
			BeforeProcessingInitializeOnLoad (197ms)
			ProcessInitializeOnLoadAttributes (530ms)
			ProcessInitializeOnLoadMethodAttributes (264ms)
			AfterProcessingInitializeOnLoad (6ms)
			EditorAssembliesLoaded (1ms)
		ExecutionOrderSort2 (0ms)
		AwakeInstancesAfterBackupRestoration (7ms)
Launched and connected shader compiler UnityShaderCompiler.exe after 0.01 seconds
Refreshing native plugins compatible for Editor in 6.54 ms, found 5 plugins.
Preloading 1 native plugins for Editor in 0.05 ms.
Unloading 13 Unused Serialized files (Serialized files now loaded: 0)
Unloading 9840 unused Assets / (4.8 MB). Loaded Objects now: 10517.
Memory consumption went from 154.3 MB to 149.5 MB.
Total: 13.005300 ms (FindLiveObjects: 1.879700 ms CreateObjectMapping: 1.512500 ms MarkObjects: 6.245200 ms  DeleteObjects: 3.366700 ms)

========================================================================
Received Import Request.
  Time since last request: 64165.760893 seconds.
  path: Assets/Scripts/SessionMenagers.cs
  artifactKey: Guid(0376c0d49a659df4fa480740699aecf4) Importer(2089858483,192608db42251d675da83286b1cce702)
Start importing Assets/Scripts/SessionMenagers.cs using Guid(0376c0d49a659df4fa480740699aecf4) Importer(2089858483,192608db42251d675da83286b1cce702) (ScriptedImporter) -> (artifact id: 'a256418b3e036974aed1d7184fd2f5f8') in 0.1917643 seconds
Number of updated asset objects reloaded before import = 0Number of asset objects unloaded after import = 0

========================================================================
Received Import Request.
  Time since last request: 0.000019 seconds.
  path: Assets/Scenes/Lobby.unity
  artifactKey: Guid(0856c959b565352439f2ad9c6afc7c09) Importer(2089858483,192608db42251d675da83286b1cce702)
Start importing Assets/Scenes/Lobby.unity using Guid(0856c959b565352439f2ad9c6afc7c09) Importer(2089858483,192608db42251d675da83286b1cce702) (ScriptedImporter) -> (artifact id: '0cb125db6533c7d53df84449d1218925') in 0.0238422 seconds
Number of updated asset objects reloaded before import = 0Number of asset objects unloaded after import = 1

========================================================================
Received Prepare
Refreshing native plugins compatible for Editor in 5.68 ms, found 5 plugins.
Preloading 1 native plugins for Editor in 0.04 ms.
Unloading 13 Unused Serialized files (Serialized files now loaded: 0)
Unloading 9797 unused Assets / (4.8 MB). Loaded Objects now: 10520.
Memory consumption went from 151.6 MB to 146.8 MB.
Total: 12.004600 ms (FindLiveObjects: 1.374500 ms CreateObjectMapping: 0.897000 ms MarkObjects: 5.950200 ms  DeleteObjects: 3.781400 ms)

Prepare: number of updated asset objects reloaded= 0
========================================================================
Received Prepare
Refreshing native plugins compatible for Editor in 6.64 ms, found 5 plugins.
Preloading 1 native plugins for Editor in 0.05 ms.
Unloading 13 Unused Serialized files (Serialized files now loaded: 0)
Unloading 9797 unused Assets / (4.9 MB). Loaded Objects now: 10520.
Memory consumption went from 151.6 MB to 146.7 MB.
Total: 14.851200 ms (FindLiveObjects: 1.563900 ms CreateObjectMapping: 1.256400 ms MarkObjects: 7.886600 ms  DeleteObjects: 4.143000 ms)

Prepare: number of updated asset objects reloaded= 0
========================================================================
Received Import Request.
  Time since last request: 28.312624 seconds.
  path: Assets/Scripts/LobbyMenager.cs
  artifactKey: Guid(59fbfeb76bbc68741ade67f5c50cb1a3) Importer(815301076,1909f56bfc062723c751e8b465ee728b)
Start importing Assets/Scripts/LobbyMenager.cs using Guid(59fbfeb76bbc68741ade67f5c50cb1a3) Importer(815301076,1909f56bfc062723c751e8b465ee728b) (PreviewImporter) -> (artifact id: '4c3167f93b083eb942b1b74073cb0b21') in 0.0100999 seconds
Number of updated asset objects reloaded before import = 0Number of asset objects unloaded after import = 0

========================================================================
Received Prepare
Refreshing native plugins compatible for Editor in 10.38 ms, found 5 plugins.
Preloading 1 native plugins for Editor in 0.09 ms.
Unloading 13 Unused Serialized files (Serialized files now loaded: 0)
Unloading 9797 unused Assets / (6.2 MB). Loaded Objects now: 10520.
Memory consumption went from 151.6 MB to 145.4 MB.
Total: 17.571800 ms (FindLiveObjects: 1.502900 ms CreateObjectMapping: 1.771800 ms MarkObjects: 9.449100 ms  DeleteObjects: 4.846500 ms)

Prepare: number of updated asset objects reloaded= 0
========================================================================
Received Prepare
Begin MonoManager ReloadAssembly
[Licensing::Client] Successfully resolved entitlement details
Symbol file LoadedFromMemory is not a mono symbol file
- Loaded All Assemblies, in  1.308 seconds
Refreshing native plugins compatible for Editor in 6.00 ms, found 5 plugins.
Native extension for Android target not found
Native extension for WindowsStandalone target not found
[Package Manager] Failed to launch server process. Reason: Unity was launched with the -noUpm command-line argument
[Package Manager] Unable to send message (not connected to server process).
[Package Manager] Cannot connect to Unity Package Manager local server
System.Reflection.TargetInvocationException: Exception has been thrown by the target of an invocation. ---> System.NullReferenceException: Object reference not set to an instance of an object
  at Unity.Multiplayer.Playmode.Workflow.Editor.ProjectDataStore..ctor (System.String directory) [0x0006e] in .\Library\PackageCache\com.unity.multiplayer.playmode@d6d235962e24\Workflow\Editor\Configuration\ProjectDataStore.cs:55 
  at Unity.Multiplayer.Playmode.Workflow.Editor.ProjectDataStore.GetMain () [0x00000] in .\Library\PackageCache\com.unity.multiplayer.playmode@d6d235962e24\Workflow\Editor\Configuration\ProjectDataStore.cs:36 
  at Unity.Multiplayer.Playmode.Workflow.Editor.WorkflowMainEditorContext..ctor (Unity.Multiplayer.Playmode.VirtualProjects.Editor.MainEditorContext mainEditorContext) [0x0002c] in .\Library\PackageCache\com.unity.multiplayer.playmode@d6d235962e24\Workflow\Editor\Contexts\WorkflowMainEditorContext.cs:15 
  at Unity.Multiplayer.Playmode.Workflow.Editor.VirtualProjectWorkflow.InitializeMPPMContexts () [0x00018] in .\Library\PackageCache\com.unity.multiplayer.playmode@d6d235962e24\Workflow\Editor\Workflow\VirtualProjectWorkflow.cs:204 
  at Unity.Multiplayer.Playmode.Workflow.Editor.VirtualProjectWorkflow+<>c.<.cctor>b__22_0 () [0x00036] in .\Library\PackageCache\com.unity.multiplayer.playmode@d6d235962e24\Workflow\Editor\Workflow\VirtualProjectWorkflow.cs:85 
  at Unity.Multiplayer.Playmode.VirtualProjects.Editor.EditorContexts.SendReadyEvent () [0x00038] in .\Library\PackageCache\com.unity.multiplayer.playmode@d6d235962e24\VirtualProjects\Editor\Contexts\EditorContexts.cs:56 
  at (wrapper managed-to-native) System.Reflection.RuntimeMethodInfo.InternalInvoke(System.Reflection.RuntimeMethodInfo,object,object[],System.Exception&)
  at System.Reflection.RuntimeMethodInfo.Invoke (System.Object obj, System.Reflection.BindingFlags invokeAttr, System.Reflection.Binder binder, System.Object[] parameters, System.Globalization.CultureInfo culture) [0x0006a] in <932fbe8ac5a946808aa5d7b95844e18c>:0 
   --- End of inner exception stack trace ---
  at System.Reflection.RuntimeMethodInfo.Invoke (System.Object obj, System.Reflection.BindingFlags invokeAttr, System.Reflection.Binder binder, System.Object[] parameters, System.Globalization.CultureInfo culture) [0x00083] in <932fbe8ac5a946808aa5d7b95844e18c>:0 
  at System.Reflection.MethodBase.Invoke (System.Object obj, System.Object[] parameters) [0x00000] in <932fbe8ac5a946808aa5d7b95844e18c>:0 
  at UnityEditor.EditorAssemblies.ProcessInitializeOnLoadMethodAttributes () [0x00056] in <9c43f02f34964a0586d7e17362cb06ae>:0 
UnityEngine.Debug:ExtractStackTraceNoAlloc (byte*,int,string)
UnityEngine.StackTraceUtility:ExtractStackTrace ()
UnityEngine.DebugLogHandler:Internal_Log (UnityEngine.LogType,UnityEngine.LogOption,string,UnityEngine.Object)
UnityEngine.DebugLogHandler:LogFormat (UnityEngine.LogType,UnityEngine.Object,string,object[])
UnityEngine.Logger:Log (UnityEngine.LogType,object)
UnityEngine.Debug:LogError (object)
UnityEditor.EditorAssemblies:ProcessInitializeOnLoadMethodAttributes ()

Mono: successfully reloaded assembly
- Finished resetting the current domain, in  1.281 seconds
Domain Reload Profiling: 2589ms
	BeginReloadAssembly (295ms)
		ExecutionOrderSort (0ms)
		DisableScriptedObjects (19ms)
		BackupInstance (0ms)
		ReleaseScriptingObjects (0ms)
		CreateAndSetChildDomain (93ms)
	RebuildCommonClasses (40ms)
	RebuildNativeTypeToScriptingClass (15ms)
	initialDomainReloadingComplete (73ms)
	LoadAllAssembliesAndSetupDomain (884ms)
		LoadAssemblies (619ms)
		RebuildTransferFunctionScriptingTraits (0ms)
		AnalyzeDomain (371ms)
			TypeCache.Refresh (19ms)
				TypeCache.ScanAssembly (1ms)
			BuildScriptInfoCaches (336ms)
			ResolveRequiredComponents (13ms)
	FinalizeReload (1281ms)
		ReleaseScriptCaches (0ms)
		RebuildScriptCaches (0ms)
		SetupLoadedEditorAssemblies (1013ms)
			LogAssemblyErrors (0ms)
			InitializePlatformSupportModulesInManaged (17ms)
			SetLoadedEditorAssemblies (7ms)
			BeforeProcessingInitializeOnLoad (209ms)
			ProcessInitializeOnLoadAttributes (542ms)
			ProcessInitializeOnLoadMethodAttributes (228ms)
			AfterProcessingInitializeOnLoad (10ms)
			EditorAssembliesLoaded (1ms)
		ExecutionOrderSort2 (0ms)
		AwakeInstancesAfterBackupRestoration (27ms)
Refreshing native plugins compatible for Editor in 5.86 ms, found 5 plugins.
Preloading 1 native plugins for Editor in 0.04 ms.
Unloading 13 Unused Serialized files (Serialized files now loaded: 0)
Unloading 9837 unused Assets / (5.5 MB). Loaded Objects now: 10537.
Memory consumption went from 173.3 MB to 167.7 MB.
Total: 12.841000 ms (FindLiveObjects: 1.252100 ms CreateObjectMapping: 0.606000 ms MarkObjects: 6.888000 ms  DeleteObjects: 4.093400 ms)

Prepare: number of updated asset objects reloaded= 0
========================================================================
Received Prepare
Refreshing native plugins compatible for Editor in 7.60 ms, found 5 plugins.
Preloading 1 native plugins for Editor in 0.04 ms.
Unloading 13 Unused Serialized files (Serialized files now loaded: 0)
Unloading 9797 unused Assets / (5.4 MB). Loaded Objects now: 10537.
Memory consumption went from 167.9 MB to 162.5 MB.
Total: 14.568700 ms (FindLiveObjects: 1.313300 ms CreateObjectMapping: 0.577100 ms MarkObjects: 7.120200 ms  DeleteObjects: 5.556500 ms)

Prepare: number of updated asset objects reloaded= 0
========================================================================
Received Prepare
Refreshing native plugins compatible for Editor in 7.22 ms, found 5 plugins.
Preloading 1 native plugins for Editor in 0.06 ms.
Unloading 13 Unused Serialized files (Serialized files now loaded: 0)
Unloading 9797 unused Assets / (5.4 MB). Loaded Objects now: 10537.
Memory consumption went from 167.8 MB to 162.4 MB.
Total: 19.187500 ms (FindLiveObjects: 1.755300 ms CreateObjectMapping: 1.431300 ms MarkObjects: 9.264600 ms  DeleteObjects: 6.734600 ms)

Prepare: number of updated asset objects reloaded= 0
========================================================================
Received Prepare
Begin MonoManager ReloadAssembly
[Licensing::Client] Successfully resolved entitlement details
Symbol file LoadedFromMemory is not a mono symbol file
- Loaded All Assemblies, in  1.064 seconds
Refreshing native plugins compatible for Editor in 6.55 ms, found 5 plugins.
Native extension for Android target not found
Native extension for WindowsStandalone target not found
[Package Manager] Failed to launch server process. Reason: Unity was launched with the -noUpm command-line argument
[Package Manager] Unable to send message (not connected to server process).
[Package Manager] Cannot connect to Unity Package Manager local server
System.Reflection.TargetInvocationException: Exception has been thrown by the target of an invocation. ---> System.NullReferenceException: Object reference not set to an instance of an object
  at Unity.Multiplayer.Playmode.Workflow.Editor.ProjectDataStore..ctor (System.String directory) [0x0006e] in .\Library\PackageCache\com.unity.multiplayer.playmode@d6d235962e24\Workflow\Editor\Configuration\ProjectDataStore.cs:55 
  at Unity.Multiplayer.Playmode.Workflow.Editor.ProjectDataStore.GetMain () [0x00000] in .\Library\PackageCache\com.unity.multiplayer.playmode@d6d235962e24\Workflow\Editor\Configuration\ProjectDataStore.cs:36 
  at Unity.Multiplayer.Playmode.Workflow.Editor.WorkflowMainEditorContext..ctor (Unity.Multiplayer.Playmode.VirtualProjects.Editor.MainEditorContext mainEditorContext) [0x0002c] in .\Library\PackageCache\com.unity.multiplayer.playmode@d6d235962e24\Workflow\Editor\Contexts\WorkflowMainEditorContext.cs:15 
  at Unity.Multiplayer.Playmode.Workflow.Editor.VirtualProjectWorkflow.InitializeMPPMContexts () [0x00018] in .\Library\PackageCache\com.unity.multiplayer.playmode@d6d235962e24\Workflow\Editor\Workflow\VirtualProjectWorkflow.cs:204 
  at Unity.Multiplayer.Playmode.Workflow.Editor.VirtualProjectWorkflow+<>c.<.cctor>b__22_0 () [0x00036] in .\Library\PackageCache\com.unity.multiplayer.playmode@d6d235962e24\Workflow\Editor\Workflow\VirtualProjectWorkflow.cs:85 
  at Unity.Multiplayer.Playmode.VirtualProjects.Editor.EditorContexts.SendReadyEvent () [0x00038] in .\Library\PackageCache\com.unity.multiplayer.playmode@d6d235962e24\VirtualProjects\Editor\Contexts\EditorContexts.cs:56 
  at (wrapper managed-to-native) System.Reflection.RuntimeMethodInfo.InternalInvoke(System.Reflection.RuntimeMethodInfo,object,object[],System.Exception&)
  at System.Reflection.RuntimeMethodInfo.Invoke (System.Object obj, System.Reflection.BindingFlags invokeAttr, System.Reflection.Binder binder, System.Object[] parameters, System.Globalization.CultureInfo culture) [0x0006a] in <932fbe8ac5a946808aa5d7b95844e18c>:0 
   --- End of inner exception stack trace ---
  at System.Reflection.RuntimeMethodInfo.Invoke (System.Object obj, System.Reflection.BindingFlags invokeAttr, System.Reflection.Binder binder, System.Object[] parameters, System.Globalization.CultureInfo culture) [0x00083] in <932fbe8ac5a946808aa5d7b95844e18c>:0 
  at System.Reflection.MethodBase.Invoke (System.Object obj, System.Object[] parameters) [0x00000] in <932fbe8ac5a946808aa5d7b95844e18c>:0 
  at UnityEditor.EditorAssemblies.ProcessInitializeOnLoadMethodAttributes () [0x00056] in <9c43f02f34964a0586d7e17362cb06ae>:0 
UnityEngine.Debug:ExtractStackTraceNoAlloc (byte*,int,string)
UnityEngine.StackTraceUtility:ExtractStackTrace ()
UnityEngine.DebugLogHandler:Internal_Log (UnityEngine.LogType,UnityEngine.LogOption,string,UnityEngine.Object)
UnityEngine.DebugLogHandler:LogFormat (UnityEngine.LogType,UnityEngine.Object,string,object[])
UnityEngine.Logger:Log (UnityEngine.LogType,object)
UnityEngine.Debug:LogError (object)
UnityEditor.EditorAssemblies:ProcessInitializeOnLoadMethodAttributes ()

Mono: successfully reloaded assembly
- Finished resetting the current domain, in  1.094 seconds
Domain Reload Profiling: 2160ms
	BeginReloadAssembly (282ms)
		ExecutionOrderSort (0ms)
		DisableScriptedObjects (7ms)
		BackupInstance (0ms)
		ReleaseScriptingObjects (0ms)
		CreateAndSetChildDomain (60ms)
	RebuildCommonClasses (43ms)
	RebuildNativeTypeToScriptingClass (19ms)
	initialDomainReloadingComplete (60ms)
	LoadAllAssembliesAndSetupDomain (661ms)
		LoadAssemblies (407ms)
		RebuildTransferFunctionScriptingTraits (0ms)
		AnalyzeDomain (358ms)
			TypeCache.Refresh (13ms)
				TypeCache.ScanAssembly (1ms)
			BuildScriptInfoCaches (329ms)
			ResolveRequiredComponents (13ms)
	FinalizeReload (1095ms)
		ReleaseScriptCaches (0ms)
		RebuildScriptCaches (0ms)
		SetupLoadedEditorAssemblies (870ms)
			LogAssemblyErrors (0ms)
			InitializePlatformSupportModulesInManaged (11ms)
			SetLoadedEditorAssemblies (6ms)
			BeforeProcessingInitializeOnLoad (170ms)
			ProcessInitializeOnLoadAttributes (463ms)
			ProcessInitializeOnLoadMethodAttributes (213ms)
			AfterProcessingInitializeOnLoad (7ms)
			EditorAssembliesLoaded (1ms)
		ExecutionOrderSort2 (0ms)
		AwakeInstancesAfterBackupRestoration (24ms)
Refreshing native plugins compatible for Editor in 5.11 ms, found 5 plugins.
Preloading 1 native plugins for Editor in 0.04 ms.
Unloading 13 Unused Serialized files (Serialized files now loaded: 0)
Unloading 9837 unused Assets / (6.3 MB). Loaded Objects now: 10541.
Memory consumption went from 173.3 MB to 167.0 MB.
Total: 18.202400 ms (FindLiveObjects: 1.213600 ms CreateObjectMapping: 0.549200 ms MarkObjects: 9.729800 ms  DeleteObjects: 6.708200 ms)

Prepare: number of updated asset objects reloaded= 0
========================================================================
Received Prepare
Refreshing native plugins compatible for Editor in 56.67 ms, found 5 plugins.
Preloading 1 native plugins for Editor in 0.05 ms.
Unloading 13 Unused Serialized files (Serialized files now loaded: 0)
Unloading 9797 unused Assets / (5.2 MB). Loaded Objects now: 10541.
Memory consumption went from 167.9 MB to 162.7 MB.
Total: 21.816100 ms (FindLiveObjects: 2.038300 ms CreateObjectMapping: 2.068200 ms MarkObjects: 10.670100 ms  DeleteObjects: 7.037800 ms)

Prepare: number of updated asset objects reloaded= 0
========================================================================
Received Prepare
Refreshing native plugins compatible for Editor in 14.24 ms, found 5 plugins.
Preloading 1 native plugins for Editor in 0.04 ms.
Unloading 13 Unused Serialized files (Serialized files now loaded: 0)
Unloading 9797 unused Assets / (6.5 MB). Loaded Objects now: 10541.
Memory consumption went from 167.8 MB to 161.3 MB.
Total: 18.310000 ms (FindLiveObjects: 1.606600 ms CreateObjectMapping: 1.619700 ms MarkObjects: 9.088500 ms  DeleteObjects: 5.993300 ms)

Prepare: number of updated asset objects reloaded= 0
========================================================================
Received Prepare
Begin MonoManager ReloadAssembly
Symbol file LoadedFromMemory is not a mono symbol file
- Loaded All Assemblies, in  0.963 seconds
Refreshing native plugins compatible for Editor in 8.04 ms, found 5 plugins.
Native extension for Android target not found
Native extension for WindowsStandalone target not found
[Package Manager] Failed to launch server process. Reason: Unity was launched with the -noUpm command-line argument
[Package Manager] Unable to send message (not connected to server process).
[Package Manager] Cannot connect to Unity Package Manager local server
System.Reflection.TargetInvocationException: Exception has been thrown by the target of an invocation. ---> System.NullReferenceException: Object reference not set to an instance of an object
  at Unity.Multiplayer.Playmode.Workflow.Editor.ProjectDataStore..ctor (System.String directory) [0x0006e] in .\Library\PackageCache\com.unity.multiplayer.playmode@d6d235962e24\Workflow\Editor\Configuration\ProjectDataStore.cs:55 
  at Unity.Multiplayer.Playmode.Workflow.Editor.ProjectDataStore.GetMain () [0x00000] in .\Library\PackageCache\com.unity.multiplayer.playmode@d6d235962e24\Workflow\Editor\Configuration\ProjectDataStore.cs:36 
  at Unity.Multiplayer.Playmode.Workflow.Editor.WorkflowMainEditorContext..ctor (Unity.Multiplayer.Playmode.VirtualProjects.Editor.MainEditorContext mainEditorContext) [0x0002c] in .\Library\PackageCache\com.unity.multiplayer.playmode@d6d235962e24\Workflow\Editor\Contexts\WorkflowMainEditorContext.cs:15 
  at Unity.Multiplayer.Playmode.Workflow.Editor.VirtualProjectWorkflow.InitializeMPPMContexts () [0x00018] in .\Library\PackageCache\com.unity.multiplayer.playmode@d6d235962e24\Workflow\Editor\Workflow\VirtualProjectWorkflow.cs:204 
  at Unity.Multiplayer.Playmode.Workflow.Editor.VirtualProjectWorkflow+<>c.<.cctor>b__22_0 () [0x00036] in .\Library\PackageCache\com.unity.multiplayer.playmode@d6d235962e24\Workflow\Editor\Workflow\VirtualProjectWorkflow.cs:85 
  at Unity.Multiplayer.Playmode.VirtualProjects.Editor.EditorContexts.SendReadyEvent () [0x00038] in .\Library\PackageCache\com.unity.multiplayer.playmode@d6d235962e24\VirtualProjects\Editor\Contexts\EditorContexts.cs:56 
  at (wrapper managed-to-native) System.Reflection.RuntimeMethodInfo.InternalInvoke(System.Reflection.RuntimeMethodInfo,object,object[],System.Exception&)
  at System.Reflection.RuntimeMethodInfo.Invoke (System.Object obj, System.Reflection.BindingFlags invokeAttr, System.Reflection.Binder binder, System.Object[] parameters, System.Globalization.CultureInfo culture) [0x0006a] in <932fbe8ac5a946808aa5d7b95844e18c>:0 
   --- End of inner exception stack trace ---
  at System.Reflection.RuntimeMethodInfo.Invoke (System.Object obj, System.Reflection.BindingFlags invokeAttr, System.Reflection.Binder binder, System.Object[] parameters, System.Globalization.CultureInfo culture) [0x00083] in <932fbe8ac5a946808aa5d7b95844e18c>:0 
  at System.Reflection.MethodBase.Invoke (System.Object obj, System.Object[] parameters) [0x00000] in <932fbe8ac5a946808aa5d7b95844e18c>:0 
  at UnityEditor.EditorAssemblies.ProcessInitializeOnLoadMethodAttributes () [0x00056] in <9c43f02f34964a0586d7e17362cb06ae>:0 
UnityEngine.Debug:ExtractStackTraceNoAlloc (byte*,int,string)
UnityEngine.StackTraceUtility:ExtractStackTrace ()
UnityEngine.DebugLogHandler:Internal_Log (UnityEngine.LogType,UnityEngine.LogOption,string,UnityEngine.Object)
UnityEngine.DebugLogHandler:LogFormat (UnityEngine.LogType,UnityEngine.Object,string,object[])
UnityEngine.Logger:Log (UnityEngine.LogType,object)
UnityEngine.Debug:LogError (object)
UnityEditor.EditorAssemblies:ProcessInitializeOnLoadMethodAttributes ()

Mono: successfully reloaded assembly
- Finished resetting the current domain, in  1.116 seconds
Domain Reload Profiling: 2081ms
	BeginReloadAssembly (236ms)
		ExecutionOrderSort (0ms)
		DisableScriptedObjects (6ms)
		BackupInstance (0ms)
		ReleaseScriptingObjects (0ms)
		CreateAndSetChildDomain (64ms)
	RebuildCommonClasses (39ms)
	RebuildNativeTypeToScriptingClass (21ms)
	initialDomainReloadingComplete (62ms)
	LoadAllAssembliesAndSetupDomain (606ms)
		LoadAssemblies (381ms)
		RebuildTransferFunctionScriptingTraits (0ms)
		AnalyzeDomain (328ms)
			TypeCache.Refresh (15ms)
				TypeCache.ScanAssembly (1ms)
			BuildScriptInfoCaches (296ms)
			ResolveRequiredComponents (12ms)
	FinalizeReload (1117ms)
		ReleaseScriptCaches (0ms)
		RebuildScriptCaches (0ms)
		SetupLoadedEditorAssemblies (881ms)
			LogAssemblyErrors (0ms)
			InitializePlatformSupportModulesInManaged (11ms)
			SetLoadedEditorAssemblies (6ms)
			BeforeProcessingInitializeOnLoad (185ms)
			ProcessInitializeOnLoadAttributes (468ms)
			ProcessInitializeOnLoadMethodAttributes (205ms)
			AfterProcessingInitializeOnLoad (5ms)
			EditorAssembliesLoaded (1ms)
		ExecutionOrderSort2 (0ms)
		AwakeInstancesAfterBackupRestoration (23ms)
Refreshing native plugins compatible for Editor in 6.96 ms, found 5 plugins.
Preloading 1 native plugins for Editor in 0.05 ms.
Unloading 13 Unused Serialized files (Serialized files now loaded: 0)
Unloading 9837 unused Assets / (5.6 MB). Loaded Objects now: 10545.
Memory consumption went from 173.3 MB to 167.7 MB.
Total: 16.399000 ms (FindLiveObjects: 1.359100 ms CreateObjectMapping: 1.134000 ms MarkObjects: 7.926800 ms  DeleteObjects: 5.976600 ms)

Prepare: number of updated asset objects reloaded= 0
========================================================================
Received Prepare
Begin MonoManager ReloadAssembly
Symbol file LoadedFromMemory is not a mono symbol file
- Loaded All Assemblies, in  1.124 seconds
Refreshing native plugins compatible for Editor in 5.08 ms, found 5 plugins.
Native extension for Android target not found
Native extension for WindowsStandalone target not found
[Package Manager] Failed to launch server process. Reason: Unity was launched with the -noUpm command-line argument
[Package Manager] Unable to send message (not connected to server process).
[Package Manager] Cannot connect to Unity Package Manager local server
System.Reflection.TargetInvocationException: Exception has been thrown by the target of an invocation. ---> System.NullReferenceException: Object reference not set to an instance of an object
  at Unity.Multiplayer.Playmode.Workflow.Editor.ProjectDataStore..ctor (System.String directory) [0x0006e] in .\Library\PackageCache\com.unity.multiplayer.playmode@d6d235962e24\Workflow\Editor\Configuration\ProjectDataStore.cs:55 
  at Unity.Multiplayer.Playmode.Workflow.Editor.ProjectDataStore.GetMain () [0x00000] in .\Library\PackageCache\com.unity.multiplayer.playmode@d6d235962e24\Workflow\Editor\Configuration\ProjectDataStore.cs:36 
  at Unity.Multiplayer.Playmode.Workflow.Editor.WorkflowMainEditorContext..ctor (Unity.Multiplayer.Playmode.VirtualProjects.Editor.MainEditorContext mainEditorContext) [0x0002c] in .\Library\PackageCache\com.unity.multiplayer.playmode@d6d235962e24\Workflow\Editor\Contexts\WorkflowMainEditorContext.cs:15 
  at Unity.Multiplayer.Playmode.Workflow.Editor.VirtualProjectWorkflow.InitializeMPPMContexts () [0x00018] in .\Library\PackageCache\com.unity.multiplayer.playmode@d6d235962e24\Workflow\Editor\Workflow\VirtualProjectWorkflow.cs:204 
  at Unity.Multiplayer.Playmode.Workflow.Editor.VirtualProjectWorkflow+<>c.<.cctor>b__22_0 () [0x00036] in .\Library\PackageCache\com.unity.multiplayer.playmode@d6d235962e24\Workflow\Editor\Workflow\VirtualProjectWorkflow.cs:85 
  at Unity.Multiplayer.Playmode.VirtualProjects.Editor.EditorContexts.SendReadyEvent () [0x00038] in .\Library\PackageCache\com.unity.multiplayer.playmode@d6d235962e24\VirtualProjects\Editor\Contexts\EditorContexts.cs:56 
  at (wrapper managed-to-native) System.Reflection.RuntimeMethodInfo.InternalInvoke(System.Reflection.RuntimeMethodInfo,object,object[],System.Exception&)
  at System.Reflection.RuntimeMethodInfo.Invoke (System.Object obj, System.Reflection.BindingFlags invokeAttr, System.Reflection.Binder binder, System.Object[] parameters, System.Globalization.CultureInfo culture) [0x0006a] in <932fbe8ac5a946808aa5d7b95844e18c>:0 
   --- End of inner exception stack trace ---
  at System.Reflection.RuntimeMethodInfo.Invoke (System.Object obj, System.Reflection.BindingFlags invokeAttr, System.Reflection.Binder binder, System.Object[] parameters, System.Globalization.CultureInfo culture) [0x00083] in <932fbe8ac5a946808aa5d7b95844e18c>:0 
  at System.Reflection.MethodBase.Invoke (System.Object obj, System.Object[] parameters) [0x00000] in <932fbe8ac5a946808aa5d7b95844e18c>:0 
  at UnityEditor.EditorAssemblies.ProcessInitializeOnLoadMethodAttributes () [0x00056] in <9c43f02f34964a0586d7e17362cb06ae>:0 
UnityEngine.Debug:ExtractStackTraceNoAlloc (byte*,int,string)
UnityEngine.StackTraceUtility:ExtractStackTrace ()
UnityEngine.DebugLogHandler:Internal_Log (UnityEngine.LogType,UnityEngine.LogOption,string,UnityEngine.Object)
UnityEngine.DebugLogHandler:LogFormat (UnityEngine.LogType,UnityEngine.Object,string,object[])
UnityEngine.Logger:Log (UnityEngine.LogType,object)
UnityEngine.Debug:LogError (object)
UnityEditor.EditorAssemblies:ProcessInitializeOnLoadMethodAttributes ()

Mono: successfully reloaded assembly
- Finished resetting the current domain, in  1.263 seconds
Domain Reload Profiling: 2389ms
	BeginReloadAssembly (282ms)
		ExecutionOrderSort (0ms)
		DisableScriptedObjects (7ms)
		BackupInstance (0ms)
		ReleaseScriptingObjects (0ms)
		CreateAndSetChildDomain (70ms)
	RebuildCommonClasses (50ms)
	RebuildNativeTypeToScriptingClass (19ms)
	initialDomainReloadingComplete (70ms)
	LoadAllAssembliesAndSetupDomain (703ms)
		LoadAssemblies (476ms)
		RebuildTransferFunctionScriptingTraits (0ms)
		AnalyzeDomain (347ms)
			TypeCache.Refresh (9ms)
				TypeCache.ScanAssembly (0ms)
			BuildScriptInfoCaches (321ms)
			ResolveRequiredComponents (13ms)
	FinalizeReload (1264ms)
		ReleaseScriptCaches (0ms)
		RebuildScriptCaches (0ms)
		SetupLoadedEditorAssemblies (1033ms)
			LogAssemblyErrors (0ms)
			InitializePlatformSupportModulesInManaged (13ms)
			SetLoadedEditorAssemblies (6ms)
			BeforeProcessingInitializeOnLoad (202ms)
			ProcessInitializeOnLoadAttributes (551ms)
			ProcessInitializeOnLoadMethodAttributes (253ms)
			AfterProcessingInitializeOnLoad (7ms)
			EditorAssembliesLoaded (1ms)
		ExecutionOrderSort2 (0ms)
		AwakeInstancesAfterBackupRestoration (30ms)
Refreshing native plugins compatible for Editor in 5.97 ms, found 5 plugins.
Preloading 1 native plugins for Editor in 0.04 ms.
Unloading 13 Unused Serialized files (Serialized files now loaded: 0)
Unloading 9837 unused Assets / (5.2 MB). Loaded Objects now: 10549.
Memory consumption went from 173.4 MB to 168.1 MB.
Total: 13.755000 ms (FindLiveObjects: 1.254500 ms CreateObjectMapping: 0.590500 ms MarkObjects: 7.577200 ms  DeleteObjects: 4.331400 ms)

Prepare: number of updated asset objects reloaded= 0
========================================================================
Received Prepare
Begin MonoManager ReloadAssembly
[Licensing::Client] Successfully resolved entitlement details
Symbol file LoadedFromMemory is not a mono symbol file
- Loaded All Assemblies, in  1.023 seconds
Refreshing native plugins compatible for Editor in 5.17 ms, found 5 plugins.
Native extension for Android target not found
Native extension for WindowsStandalone target not found
[Package Manager] Failed to launch server process. Reason: Unity was launched with the -noUpm command-line argument
[Package Manager] Unable to send message (not connected to server process).
[Package Manager] Cannot connect to Unity Package Manager local server
System.Reflection.TargetInvocationException: Exception has been thrown by the target of an invocation. ---> System.NullReferenceException: Object reference not set to an instance of an object
  at Unity.Multiplayer.Playmode.Workflow.Editor.ProjectDataStore..ctor (System.String directory) [0x0006e] in .\Library\PackageCache\com.unity.multiplayer.playmode@d6d235962e24\Workflow\Editor\Configuration\ProjectDataStore.cs:55 
  at Unity.Multiplayer.Playmode.Workflow.Editor.ProjectDataStore.GetMain () [0x00000] in .\Library\PackageCache\com.unity.multiplayer.playmode@d6d235962e24\Workflow\Editor\Configuration\ProjectDataStore.cs:36 
  at Unity.Multiplayer.Playmode.Workflow.Editor.WorkflowMainEditorContext..ctor (Unity.Multiplayer.Playmode.VirtualProjects.Editor.MainEditorContext mainEditorContext) [0x0002c] in .\Library\PackageCache\com.unity.multiplayer.playmode@d6d235962e24\Workflow\Editor\Contexts\WorkflowMainEditorContext.cs:15 
  at Unity.Multiplayer.Playmode.Workflow.Editor.VirtualProjectWorkflow.InitializeMPPMContexts () [0x00018] in .\Library\PackageCache\com.unity.multiplayer.playmode@d6d235962e24\Workflow\Editor\Workflow\VirtualProjectWorkflow.cs:204 
  at Unity.Multiplayer.Playmode.Workflow.Editor.VirtualProjectWorkflow+<>c.<.cctor>b__22_0 () [0x00036] in .\Library\PackageCache\com.unity.multiplayer.playmode@d6d235962e24\Workflow\Editor\Workflow\VirtualProjectWorkflow.cs:85 
  at Unity.Multiplayer.Playmode.VirtualProjects.Editor.EditorContexts.SendReadyEvent () [0x00038] in .\Library\PackageCache\com.unity.multiplayer.playmode@d6d235962e24\VirtualProjects\Editor\Contexts\EditorContexts.cs:56 
  at (wrapper managed-to-native) System.Reflection.RuntimeMethodInfo.InternalInvoke(System.Reflection.RuntimeMethodInfo,object,object[],System.Exception&)
  at System.Reflection.RuntimeMethodInfo.Invoke (System.Object obj, System.Reflection.BindingFlags invokeAttr, System.Reflection.Binder binder, System.Object[] parameters, System.Globalization.CultureInfo culture) [0x0006a] in <932fbe8ac5a946808aa5d7b95844e18c>:0 
   --- End of inner exception stack trace ---
  at System.Reflection.RuntimeMethodInfo.Invoke (System.Object obj, System.Reflection.BindingFlags invokeAttr, System.Reflection.Binder binder, System.Object[] parameters, System.Globalization.CultureInfo culture) [0x00083] in <932fbe8ac5a946808aa5d7b95844e18c>:0 
  at System.Reflection.MethodBase.Invoke (System.Object obj, System.Object[] parameters) [0x00000] in <932fbe8ac5a946808aa5d7b95844e18c>:0 
  at UnityEditor.EditorAssemblies.ProcessInitializeOnLoadMethodAttributes () [0x00056] in <9c43f02f34964a0586d7e17362cb06ae>:0 
UnityEngine.Debug:ExtractStackTraceNoAlloc (byte*,int,string)
UnityEngine.StackTraceUtility:ExtractStackTrace ()
UnityEngine.DebugLogHandler:Internal_Log (UnityEngine.LogType,UnityEngine.LogOption,string,UnityEngine.Object)
UnityEngine.DebugLogHandler:LogFormat (UnityEngine.LogType,UnityEngine.Object,string,object[])
UnityEngine.Logger:Log (UnityEngine.LogType,object)
UnityEngine.Debug:LogError (object)
UnityEditor.EditorAssemblies:ProcessInitializeOnLoadMethodAttributes ()

Mono: successfully reloaded assembly
- Finished resetting the current domain, in  1.405 seconds
Domain Reload Profiling: 2430ms
	BeginReloadAssembly (256ms)
		ExecutionOrderSort (0ms)
		DisableScriptedObjects (6ms)
		BackupInstance (0ms)
		ReleaseScriptingObjects (0ms)
		CreateAndSetChildDomain (73ms)
	RebuildCommonClasses (44ms)
	RebuildNativeTypeToScriptingClass (16ms)
	initialDomainReloadingComplete (57ms)
	LoadAllAssembliesAndSetupDomain (652ms)
		LoadAssemblies (419ms)
		RebuildTransferFunctionScriptingTraits (0ms)
		AnalyzeDomain (336ms)
			TypeCache.Refresh (9ms)
				TypeCache.ScanAssembly (0ms)
			BuildScriptInfoCaches (306ms)
			ResolveRequiredComponents (16ms)
	FinalizeReload (1406ms)
		ReleaseScriptCaches (0ms)
		RebuildScriptCaches (0ms)
		SetupLoadedEditorAssemblies (1147ms)
			LogAssemblyErrors (0ms)
			InitializePlatformSupportModulesInManaged (11ms)
			SetLoadedEditorAssemblies (6ms)
			BeforeProcessingInitializeOnLoad (185ms)
			ProcessInitializeOnLoadAttributes (632ms)
			ProcessInitializeOnLoadMethodAttributes (305ms)
			AfterProcessingInitializeOnLoad (8ms)
			EditorAssembliesLoaded (1ms)
		ExecutionOrderSort2 (0ms)
		AwakeInstancesAfterBackupRestoration (35ms)
Refreshing native plugins compatible for Editor in 6.85 ms, found 5 plugins.
Preloading 1 native plugins for Editor in 0.05 ms.
Unloading 13 Unused Serialized files (Serialized files now loaded: 0)
Unloading 9837 unused Assets / (4.3 MB). Loaded Objects now: 10553.
Memory consumption went from 173.3 MB to 169.0 MB.
Total: 15.956000 ms (FindLiveObjects: 1.953000 ms CreateObjectMapping: 1.361300 ms MarkObjects: 8.448700 ms  DeleteObjects: 4.191600 ms)

Prepare: number of updated asset objects reloaded= 0
========================================================================
Received Prepare
Begin MonoManager ReloadAssembly
Symbol file LoadedFromMemory is not a mono symbol file
- Loaded All Assemblies, in  0.999 seconds
Refreshing native plugins compatible for Editor in 5.38 ms, found 5 plugins.
Native extension for Android target not found
Native extension for WindowsStandalone target not found
[Package Manager] Failed to launch server process. Reason: Unity was launched with the -noUpm command-line argument
[Package Manager] Unable to send message (not connected to server process).
[Package Manager] Cannot connect to Unity Package Manager local server
System.Reflection.TargetInvocationException: Exception has been thrown by the target of an invocation. ---> System.NullReferenceException: Object reference not set to an instance of an object
  at Unity.Multiplayer.Playmode.Workflow.Editor.ProjectDataStore..ctor (System.String directory) [0x0006e] in .\Library\PackageCache\com.unity.multiplayer.playmode@d6d235962e24\Workflow\Editor\Configuration\ProjectDataStore.cs:55 
  at Unity.Multiplayer.Playmode.Workflow.Editor.ProjectDataStore.GetMain () [0x00000] in .\Library\PackageCache\com.unity.multiplayer.playmode@d6d235962e24\Workflow\Editor\Configuration\ProjectDataStore.cs:36 
  at Unity.Multiplayer.Playmode.Workflow.Editor.WorkflowMainEditorContext..ctor (Unity.Multiplayer.Playmode.VirtualProjects.Editor.MainEditorContext mainEditorContext) [0x0002c] in .\Library\PackageCache\com.unity.multiplayer.playmode@d6d235962e24\Workflow\Editor\Contexts\WorkflowMainEditorContext.cs:15 
  at Unity.Multiplayer.Playmode.Workflow.Editor.VirtualProjectWorkflow.InitializeMPPMContexts () [0x00018] in .\Library\PackageCache\com.unity.multiplayer.playmode@d6d235962e24\Workflow\Editor\Workflow\VirtualProjectWorkflow.cs:204 
  at Unity.Multiplayer.Playmode.Workflow.Editor.VirtualProjectWorkflow+<>c.<.cctor>b__22_0 () [0x00036] in .\Library\PackageCache\com.unity.multiplayer.playmode@d6d235962e24\Workflow\Editor\Workflow\VirtualProjectWorkflow.cs:85 
  at Unity.Multiplayer.Playmode.VirtualProjects.Editor.EditorContexts.SendReadyEvent () [0x00038] in .\Library\PackageCache\com.unity.multiplayer.playmode@d6d235962e24\VirtualProjects\Editor\Contexts\EditorContexts.cs:56 
  at (wrapper managed-to-native) System.Reflection.RuntimeMethodInfo.InternalInvoke(System.Reflection.RuntimeMethodInfo,object,object[],System.Exception&)
  at System.Reflection.RuntimeMethodInfo.Invoke (System.Object obj, System.Reflection.BindingFlags invokeAttr, System.Reflection.Binder binder, System.Object[] parameters, System.Globalization.CultureInfo culture) [0x0006a] in <932fbe8ac5a946808aa5d7b95844e18c>:0 
   --- End of inner exception stack trace ---
  at System.Reflection.RuntimeMethodInfo.Invoke (System.Object obj, System.Reflection.BindingFlags invokeAttr, System.Reflection.Binder binder, System.Object[] parameters, System.Globalization.CultureInfo culture) [0x00083] in <932fbe8ac5a946808aa5d7b95844e18c>:0 
  at System.Reflection.MethodBase.Invoke (System.Object obj, System.Object[] parameters) [0x00000] in <932fbe8ac5a946808aa5d7b95844e18c>:0 
  at UnityEditor.EditorAssemblies.ProcessInitializeOnLoadMethodAttributes () [0x00056] in <9c43f02f34964a0586d7e17362cb06ae>:0 
UnityEngine.Debug:ExtractStackTraceNoAlloc (byte*,int,string)
UnityEngine.StackTraceUtility:ExtractStackTrace ()
UnityEngine.DebugLogHandler:Internal_Log (UnityEngine.LogType,UnityEngine.LogOption,string,UnityEngine.Object)
UnityEngine.DebugLogHandler:LogFormat (UnityEngine.LogType,UnityEngine.Object,string,object[])
UnityEngine.Logger:Log (UnityEngine.LogType,object)
UnityEngine.Debug:LogError (object)
UnityEditor.EditorAssemblies:ProcessInitializeOnLoadMethodAttributes ()

Mono: successfully reloaded assembly
- Finished resetting the current domain, in  1.428 seconds
Domain Reload Profiling: 2429ms
	BeginReloadAssembly (248ms)
		ExecutionOrderSort (0ms)
		DisableScriptedObjects (8ms)
		BackupInstance (0ms)
		ReleaseScriptingObjects (0ms)
		CreateAndSetChildDomain (65ms)
	RebuildCommonClasses (43ms)
	RebuildNativeTypeToScriptingClass (16ms)
	initialDomainReloadingComplete (53ms)
	LoadAllAssembliesAndSetupDomain (641ms)
		LoadAssemblies (411ms)
		RebuildTransferFunctionScriptingTraits (0ms)
		AnalyzeDomain (332ms)
			TypeCache.Refresh (9ms)
				TypeCache.ScanAssembly (0ms)
			BuildScriptInfoCaches (303ms)
			ResolveRequiredComponents (16ms)
	FinalizeReload (1428ms)
		ReleaseScriptCaches (0ms)
		RebuildScriptCaches (0ms)
		SetupLoadedEditorAssemblies (1200ms)
			LogAssemblyErrors (0ms)
			InitializePlatformSupportModulesInManaged (20ms)
			SetLoadedEditorAssemblies (8ms)
			BeforeProcessingInitializeOnLoad (204ms)
			ProcessInitializeOnLoadAttributes (710ms)
			ProcessInitializeOnLoadMethodAttributes (250ms)
			AfterProcessingInitializeOnLoad (7ms)
			EditorAssembliesLoaded (1ms)
		ExecutionOrderSort2 (0ms)
		AwakeInstancesAfterBackupRestoration (30ms)
Refreshing native plugins compatible for Editor in 5.86 ms, found 5 plugins.
Preloading 1 native plugins for Editor in 0.04 ms.
Unloading 13 Unused Serialized files (Serialized files now loaded: 0)
Unloading 9837 unused Assets / (5.3 MB). Loaded Objects now: 10557.
Memory consumption went from 173.4 MB to 168.1 MB.
Total: 14.079000 ms (FindLiveObjects: 1.468900 ms CreateObjectMapping: 1.394900 ms MarkObjects: 6.518900 ms  DeleteObjects: 4.694800 ms)

Prepare: number of updated asset objects reloaded= 0
========================================================================
Received Prepare
Refreshing native plugins compatible for Editor in 27.20 ms, found 5 plugins.
Preloading 1 native plugins for Editor in 0.65 ms.
Unloading 13 Unused Serialized files (Serialized files now loaded: 0)
Unloading 9797 unused Assets / (4.4 MB). Loaded Objects now: 10557.
Memory consumption went from 168.1 MB to 163.6 MB.
Total: 25.016400 ms (FindLiveObjects: 6.598800 ms CreateObjectMapping: 2.882500 ms MarkObjects: 10.658100 ms  DeleteObjects: 4.875200 ms)

Prepare: number of updated asset objects reloaded= 0
========================================================================
Received Prepare
Begin MonoManager ReloadAssembly
Symbol file LoadedFromMemory is not a mono symbol file
- Loaded All Assemblies, in  1.042 seconds
Refreshing native plugins compatible for Editor in 4.69 ms, found 5 plugins.
Native extension for Android target not found
Native extension for WindowsStandalone target not found
[Package Manager] Failed to launch server process. Reason: Unity was launched with the -noUpm command-line argument
[Package Manager] Unable to send message (not connected to server process).
[Package Manager] Cannot connect to Unity Package Manager local server
System.Reflection.TargetInvocationException: Exception has been thrown by the target of an invocation. ---> System.NullReferenceException: Object reference not set to an instance of an object
  at Unity.Multiplayer.Playmode.Workflow.Editor.ProjectDataStore..ctor (System.String directory) [0x0006e] in .\Library\PackageCache\com.unity.multiplayer.playmode@d6d235962e24\Workflow\Editor\Configuration\ProjectDataStore.cs:55 
  at Unity.Multiplayer.Playmode.Workflow.Editor.ProjectDataStore.GetMain () [0x00000] in .\Library\PackageCache\com.unity.multiplayer.playmode@d6d235962e24\Workflow\Editor\Configuration\ProjectDataStore.cs:36 
  at Unity.Multiplayer.Playmode.Workflow.Editor.WorkflowMainEditorContext..ctor (Unity.Multiplayer.Playmode.VirtualProjects.Editor.MainEditorContext mainEditorContext) [0x0002c] in .\Library\PackageCache\com.unity.multiplayer.playmode@d6d235962e24\Workflow\Editor\Contexts\WorkflowMainEditorContext.cs:15 
  at Unity.Multiplayer.Playmode.Workflow.Editor.VirtualProjectWorkflow.InitializeMPPMContexts () [0x00018] in .\Library\PackageCache\com.unity.multiplayer.playmode@d6d235962e24\Workflow\Editor\Workflow\VirtualProjectWorkflow.cs:204 
  at Unity.Multiplayer.Playmode.Workflow.Editor.VirtualProjectWorkflow+<>c.<.cctor>b__22_0 () [0x00036] in .\Library\PackageCache\com.unity.multiplayer.playmode@d6d235962e24\Workflow\Editor\Workflow\VirtualProjectWorkflow.cs:85 
  at Unity.Multiplayer.Playmode.VirtualProjects.Editor.EditorContexts.SendReadyEvent () [0x00038] in .\Library\PackageCache\com.unity.multiplayer.playmode@d6d235962e24\VirtualProjects\Editor\Contexts\EditorContexts.cs:56 
  at (wrapper managed-to-native) System.Reflection.RuntimeMethodInfo.InternalInvoke(System.Reflection.RuntimeMethodInfo,object,object[],System.Exception&)
  at System.Reflection.RuntimeMethodInfo.Invoke (System.Object obj, System.Reflection.BindingFlags invokeAttr, System.Reflection.Binder binder, System.Object[] parameters, System.Globalization.CultureInfo culture) [0x0006a] in <932fbe8ac5a946808aa5d7b95844e18c>:0 
   --- End of inner exception stack trace ---
  at System.Reflection.RuntimeMethodInfo.Invoke (System.Object obj, System.Reflection.BindingFlags invokeAttr, System.Reflection.Binder binder, System.Object[] parameters, System.Globalization.CultureInfo culture) [0x00083] in <932fbe8ac5a946808aa5d7b95844e18c>:0 
  at System.Reflection.MethodBase.Invoke (System.Object obj, System.Object[] parameters) [0x00000] in <932fbe8ac5a946808aa5d7b95844e18c>:0 
  at UnityEditor.EditorAssemblies.ProcessInitializeOnLoadMethodAttributes () [0x00056] in <9c43f02f34964a0586d7e17362cb06ae>:0 
UnityEngine.Debug:ExtractStackTraceNoAlloc (byte*,int,string)
UnityEngine.StackTraceUtility:ExtractStackTrace ()
UnityEngine.DebugLogHandler:Internal_Log (UnityEngine.LogType,UnityEngine.LogOption,string,UnityEngine.Object)
UnityEngine.DebugLogHandler:LogFormat (UnityEngine.LogType,UnityEngine.Object,string,object[])
UnityEngine.Logger:Log (UnityEngine.LogType,object)
UnityEngine.Debug:LogError (object)
UnityEditor.EditorAssemblies:ProcessInitializeOnLoadMethodAttributes ()

Mono: successfully reloaded assembly
- Finished resetting the current domain, in  1.100 seconds
Domain Reload Profiling: 2144ms
	BeginReloadAssembly (245ms)
		ExecutionOrderSort (0ms)
		DisableScriptedObjects (6ms)
		BackupInstance (0ms)
		ReleaseScriptingObjects (0ms)
		CreateAndSetChildDomain (71ms)
	RebuildCommonClasses (39ms)
	RebuildNativeTypeToScriptingClass (17ms)
	initialDomainReloadingComplete (55ms)
	LoadAllAssembliesAndSetupDomain (688ms)
		LoadAssemblies (426ms)
		RebuildTransferFunctionScriptingTraits (0ms)
		AnalyzeDomain (357ms)
			TypeCache.Refresh (17ms)
				TypeCache.ScanAssembly (1ms)
			BuildScriptInfoCaches (317ms)
			ResolveRequiredComponents (19ms)
	FinalizeReload (1100ms)
		ReleaseScriptCaches (0ms)
		RebuildScriptCaches (0ms)
		SetupLoadedEditorAssemblies (881ms)
			LogAssemblyErrors (0ms)
			InitializePlatformSupportModulesInManaged (14ms)
			SetLoadedEditorAssemblies (7ms)
			BeforeProcessingInitializeOnLoad (173ms)
			ProcessInitializeOnLoadAttributes (480ms)
			ProcessInitializeOnLoadMethodAttributes (199ms)
			AfterProcessingInitializeOnLoad (7ms)
			EditorAssembliesLoaded (1ms)
		ExecutionOrderSort2 (0ms)
		AwakeInstancesAfterBackupRestoration (29ms)
Refreshing native plugins compatible for Editor in 7.28 ms, found 5 plugins.
Preloading 1 native plugins for Editor in 0.05 ms.
Unloading 13 Unused Serialized files (Serialized files now loaded: 0)
Unloading 9837 unused Assets / (4.9 MB). Loaded Objects now: 10561.
Memory consumption went from 178.6 MB to 173.7 MB.
Total: 13.088700 ms (FindLiveObjects: 1.274600 ms CreateObjectMapping: 0.711600 ms MarkObjects: 7.626400 ms  DeleteObjects: 3.474200 ms)

Prepare: number of updated asset objects reloaded= 0
========================================================================
Received Prepare
Begin MonoManager ReloadAssembly
Symbol file LoadedFromMemory is not a mono symbol file
- Loaded All Assemblies, in  0.994 seconds
Refreshing native plugins compatible for Editor in 4.64 ms, found 5 plugins.
Native extension for Android target not found
Native extension for WindowsStandalone target not found
[Package Manager] Failed to launch server process. Reason: Unity was launched with the -noUpm command-line argument
[Package Manager] Unable to send message (not connected to server process).
[Package Manager] Cannot connect to Unity Package Manager local server
System.Reflection.TargetInvocationException: Exception has been thrown by the target of an invocation. ---> System.NullReferenceException: Object reference not set to an instance of an object
  at Unity.Multiplayer.Playmode.Workflow.Editor.ProjectDataStore..ctor (System.String directory) [0x0006e] in .\Library\PackageCache\com.unity.multiplayer.playmode@d6d235962e24\Workflow\Editor\Configuration\ProjectDataStore.cs:55 
  at Unity.Multiplayer.Playmode.Workflow.Editor.ProjectDataStore.GetMain () [0x00000] in .\Library\PackageCache\com.unity.multiplayer.playmode@d6d235962e24\Workflow\Editor\Configuration\ProjectDataStore.cs:36 
  at Unity.Multiplayer.Playmode.Workflow.Editor.WorkflowMainEditorContext..ctor (Unity.Multiplayer.Playmode.VirtualProjects.Editor.MainEditorContext mainEditorContext) [0x0002c] in .\Library\PackageCache\com.unity.multiplayer.playmode@d6d235962e24\Workflow\Editor\Contexts\WorkflowMainEditorContext.cs:15 
  at Unity.Multiplayer.Playmode.Workflow.Editor.VirtualProjectWorkflow.InitializeMPPMContexts () [0x00018] in .\Library\PackageCache\com.unity.multiplayer.playmode@d6d235962e24\Workflow\Editor\Workflow\VirtualProjectWorkflow.cs:204 
  at Unity.Multiplayer.Playmode.Workflow.Editor.VirtualProjectWorkflow+<>c.<.cctor>b__22_0 () [0x00036] in .\Library\PackageCache\com.unity.multiplayer.playmode@d6d235962e24\Workflow\Editor\Workflow\VirtualProjectWorkflow.cs:85 
  at Unity.Multiplayer.Playmode.VirtualProjects.Editor.EditorContexts.SendReadyEvent () [0x00038] in .\Library\PackageCache\com.unity.multiplayer.playmode@d6d235962e24\VirtualProjects\Editor\Contexts\EditorContexts.cs:56 
  at (wrapper managed-to-native) System.Reflection.RuntimeMethodInfo.InternalInvoke(System.Reflection.RuntimeMethodInfo,object,object[],System.Exception&)
  at System.Reflection.RuntimeMethodInfo.Invoke (System.Object obj, System.Reflection.BindingFlags invokeAttr, System.Reflection.Binder binder, System.Object[] parameters, System.Globalization.CultureInfo culture) [0x0006a] in <932fbe8ac5a946808aa5d7b95844e18c>:0 
   --- End of inner exception stack trace ---
  at System.Reflection.RuntimeMethodInfo.Invoke (System.Object obj, System.Reflection.BindingFlags invokeAttr, System.Reflection.Binder binder, System.Object[] parameters, System.Globalization.CultureInfo culture) [0x00083] in <932fbe8ac5a946808aa5d7b95844e18c>:0 
  at System.Reflection.MethodBase.Invoke (System.Object obj, System.Object[] parameters) [0x00000] in <932fbe8ac5a946808aa5d7b95844e18c>:0 
  at UnityEditor.EditorAssemblies.ProcessInitializeOnLoadMethodAttributes () [0x00056] in <9c43f02f34964a0586d7e17362cb06ae>:0 
UnityEngine.Debug:ExtractStackTraceNoAlloc (byte*,int,string)
UnityEngine.StackTraceUtility:ExtractStackTrace ()
UnityEngine.DebugLogHandler:Internal_Log (UnityEngine.LogType,UnityEngine.LogOption,string,UnityEngine.Object)
UnityEngine.DebugLogHandler:LogFormat (UnityEngine.LogType,UnityEngine.Object,string,object[])
UnityEngine.Logger:Log (UnityEngine.LogType,object)
UnityEngine.Debug:LogError (object)
UnityEditor.EditorAssemblies:ProcessInitializeOnLoadMethodAttributes ()

Mono: successfully reloaded assembly
- Finished resetting the current domain, in  1.252 seconds
Domain Reload Profiling: 2247ms
	BeginReloadAssembly (237ms)
		ExecutionOrderSort (0ms)
		DisableScriptedObjects (7ms)
		BackupInstance (0ms)
		ReleaseScriptingObjects (0ms)
		CreateAndSetChildDomain (63ms)
	RebuildCommonClasses (39ms)
	RebuildNativeTypeToScriptingClass (15ms)
	initialDomainReloadingComplete (56ms)
	LoadAllAssembliesAndSetupDomain (647ms)
		LoadAssemblies (407ms)
		RebuildTransferFunctionScriptingTraits (0ms)
		AnalyzeDomain (341ms)
			TypeCache.Refresh (9ms)
				TypeCache.ScanAssembly (0ms)
			BuildScriptInfoCaches (315ms)
			ResolveRequiredComponents (14ms)
	FinalizeReload (1253ms)
		ReleaseScriptCaches (0ms)
		RebuildScriptCaches (0ms)
		SetupLoadedEditorAssemblies (1034ms)
			LogAssemblyErrors (0ms)
			InitializePlatformSupportModulesInManaged (15ms)
			SetLoadedEditorAssemblies (7ms)
			BeforeProcessingInitializeOnLoad (191ms)
			ProcessInitializeOnLoadAttributes (572ms)
			ProcessInitializeOnLoadMethodAttributes (240ms)
			AfterProcessingInitializeOnLoad (7ms)
			EditorAssembliesLoaded (1ms)
		ExecutionOrderSort2 (0ms)
		AwakeInstancesAfterBackupRestoration (29ms)
Refreshing native plugins compatible for Editor in 5.93 ms, found 5 plugins.
Preloading 1 native plugins for Editor in 0.04 ms.
Unloading 13 Unused Serialized files (Serialized files now loaded: 0)
Unloading 9837 unused Assets / (6.0 MB). Loaded Objects now: 10565.
Memory consumption went from 173.5 MB to 167.5 MB.
Total: 14.075000 ms (FindLiveObjects: 1.316500 ms CreateObjectMapping: 0.563000 ms MarkObjects: 7.368500 ms  DeleteObjects: 4.825300 ms)

Prepare: number of updated asset objects reloaded= 0
========================================================================
Received Prepare
Begin MonoManager ReloadAssembly
[Licensing::Client] Successfully resolved entitlement details
Symbol file LoadedFromMemory is not a mono symbol file
- Loaded All Assemblies, in  1.052 seconds
Refreshing native plugins compatible for Editor in 49.10 ms, found 5 plugins.
Native extension for Android target not found
Native extension for WindowsStandalone target not found
[Package Manager] Failed to launch server process. Reason: Unity was launched with the -noUpm command-line argument
[Package Manager] Unable to send message (not connected to server process).
[Package Manager] Cannot connect to Unity Package Manager local server
System.Reflection.TargetInvocationException: Exception has been thrown by the target of an invocation. ---> System.NullReferenceException: Object reference not set to an instance of an object
  at Unity.Multiplayer.Playmode.Workflow.Editor.ProjectDataStore..ctor (System.String directory) [0x0006e] in .\Library\PackageCache\com.unity.multiplayer.playmode@d6d235962e24\Workflow\Editor\Configuration\ProjectDataStore.cs:55 
  at Unity.Multiplayer.Playmode.Workflow.Editor.ProjectDataStore.GetMain () [0x00000] in .\Library\PackageCache\com.unity.multiplayer.playmode@d6d235962e24\Workflow\Editor\Configuration\ProjectDataStore.cs:36 
  at Unity.Multiplayer.Playmode.Workflow.Editor.WorkflowMainEditorContext..ctor (Unity.Multiplayer.Playmode.VirtualProjects.Editor.MainEditorContext mainEditorContext) [0x0002c] in .\Library\PackageCache\com.unity.multiplayer.playmode@d6d235962e24\Workflow\Editor\Contexts\WorkflowMainEditorContext.cs:15 
  at Unity.Multiplayer.Playmode.Workflow.Editor.VirtualProjectWorkflow.InitializeMPPMContexts () [0x00018] in .\Library\PackageCache\com.unity.multiplayer.playmode@d6d235962e24\Workflow\Editor\Workflow\VirtualProjectWorkflow.cs:204 
  at Unity.Multiplayer.Playmode.Workflow.Editor.VirtualProjectWorkflow+<>c.<.cctor>b__22_0 () [0x00036] in .\Library\PackageCache\com.unity.multiplayer.playmode@d6d235962e24\Workflow\Editor\Workflow\VirtualProjectWorkflow.cs:85 
  at Unity.Multiplayer.Playmode.VirtualProjects.Editor.EditorContexts.SendReadyEvent () [0x00038] in .\Library\PackageCache\com.unity.multiplayer.playmode@d6d235962e24\VirtualProjects\Editor\Contexts\EditorContexts.cs:56 
  at (wrapper managed-to-native) System.Reflection.RuntimeMethodInfo.InternalInvoke(System.Reflection.RuntimeMethodInfo,object,object[],System.Exception&)
  at System.Reflection.RuntimeMethodInfo.Invoke (System.Object obj, System.Reflection.BindingFlags invokeAttr, System.Reflection.Binder binder, System.Object[] parameters, System.Globalization.CultureInfo culture) [0x0006a] in <932fbe8ac5a946808aa5d7b95844e18c>:0 
   --- End of inner exception stack trace ---
  at System.Reflection.RuntimeMethodInfo.Invoke (System.Object obj, System.Reflection.BindingFlags invokeAttr, System.Reflection.Binder binder, System.Object[] parameters, System.Globalization.CultureInfo culture) [0x00083] in <932fbe8ac5a946808aa5d7b95844e18c>:0 
  at System.Reflection.MethodBase.Invoke (System.Object obj, System.Object[] parameters) [0x00000] in <932fbe8ac5a946808aa5d7b95844e18c>:0 
  at UnityEditor.EditorAssemblies.ProcessInitializeOnLoadMethodAttributes () [0x00056] in <9c43f02f34964a0586d7e17362cb06ae>:0 
UnityEngine.Debug:ExtractStackTraceNoAlloc (byte*,int,string)
UnityEngine.StackTraceUtility:ExtractStackTrace ()
UnityEngine.DebugLogHandler:Internal_Log (UnityEngine.LogType,UnityEngine.LogOption,string,UnityEngine.Object)
UnityEngine.DebugLogHandler:LogFormat (UnityEngine.LogType,UnityEngine.Object,string,object[])
UnityEngine.Logger:Log (UnityEngine.LogType,object)
UnityEngine.Debug:LogError (object)
UnityEditor.EditorAssemblies:ProcessInitializeOnLoadMethodAttributes ()

Mono: successfully reloaded assembly
- Finished resetting the current domain, in  1.482 seconds
Domain Reload Profiling: 2535ms
	BeginReloadAssembly (259ms)
		ExecutionOrderSort (0ms)
		DisableScriptedObjects (6ms)
		BackupInstance (0ms)
		ReleaseScriptingObjects (0ms)
		CreateAndSetChildDomain (75ms)
	RebuildCommonClasses (44ms)
	RebuildNativeTypeToScriptingClass (18ms)
	initialDomainReloadingComplete (57ms)
	LoadAllAssembliesAndSetupDomain (675ms)
		LoadAssemblies (413ms)
		RebuildTransferFunctionScriptingTraits (0ms)
		AnalyzeDomain (364ms)
			TypeCache.Refresh (8ms)
				TypeCache.ScanAssembly (0ms)
			BuildScriptInfoCaches (335ms)
			ResolveRequiredComponents (16ms)
	FinalizeReload (1482ms)
		ReleaseScriptCaches (0ms)
		RebuildScriptCaches (0ms)
		SetupLoadedEditorAssemblies (1222ms)
			LogAssemblyErrors (0ms)
			InitializePlatformSupportModulesInManaged (11ms)
			SetLoadedEditorAssemblies (6ms)
			BeforeProcessingInitializeOnLoad (227ms)
			ProcessInitializeOnLoadAttributes (696ms)
			ProcessInitializeOnLoadMethodAttributes (272ms)
			AfterProcessingInitializeOnLoad (7ms)
			EditorAssembliesLoaded (1ms)
		ExecutionOrderSort2 (0ms)
		AwakeInstancesAfterBackupRestoration (32ms)
Refreshing native plugins compatible for Editor in 8.33 ms, found 5 plugins.
Preloading 1 native plugins for Editor in 0.04 ms.
Unloading 13 Unused Serialized files (Serialized files now loaded: 0)
Unloading 9837 unused Assets / (5.8 MB). Loaded Objects now: 10569.
Memory consumption went from 173.6 MB to 167.8 MB.
Total: 17.412200 ms (FindLiveObjects: 1.599700 ms CreateObjectMapping: 1.487100 ms MarkObjects: 8.219900 ms  DeleteObjects: 6.103700 ms)

Prepare: number of updated asset objects reloaded= 0
========================================================================
Received Prepare
Begin MonoManager ReloadAssembly
[Licensing::Client] Successfully resolved entitlement details
Symbol file LoadedFromMemory is not a mono symbol file
- Loaded All Assemblies, in  1.032 seconds
Refreshing native plugins compatible for Editor in 5.98 ms, found 5 plugins.
Native extension for Android target not found
Native extension for WindowsStandalone target not found
[Package Manager] Failed to launch server process. Reason: Unity was launched with the -noUpm command-line argument
[Package Manager] Unable to send message (not connected to server process).
[Package Manager] Cannot connect to Unity Package Manager local server
System.Reflection.TargetInvocationException: Exception has been thrown by the target of an invocation. ---> System.NullReferenceException: Object reference not set to an instance of an object
  at Unity.Multiplayer.Playmode.Workflow.Editor.ProjectDataStore..ctor (System.String directory) [0x0006e] in .\Library\PackageCache\com.unity.multiplayer.playmode@d6d235962e24\Workflow\Editor\Configuration\ProjectDataStore.cs:55 
  at Unity.Multiplayer.Playmode.Workflow.Editor.ProjectDataStore.GetMain () [0x00000] in .\Library\PackageCache\com.unity.multiplayer.playmode@d6d235962e24\Workflow\Editor\Configuration\ProjectDataStore.cs:36 
  at Unity.Multiplayer.Playmode.Workflow.Editor.WorkflowMainEditorContext..ctor (Unity.Multiplayer.Playmode.VirtualProjects.Editor.MainEditorContext mainEditorContext) [0x0002c] in .\Library\PackageCache\com.unity.multiplayer.playmode@d6d235962e24\Workflow\Editor\Contexts\WorkflowMainEditorContext.cs:15 
  at Unity.Multiplayer.Playmode.Workflow.Editor.VirtualProjectWorkflow.InitializeMPPMContexts () [0x00018] in .\Library\PackageCache\com.unity.multiplayer.playmode@d6d235962e24\Workflow\Editor\Workflow\VirtualProjectWorkflow.cs:204 
  at Unity.Multiplayer.Playmode.Workflow.Editor.VirtualProjectWorkflow+<>c.<.cctor>b__22_0 () [0x00036] in .\Library\PackageCache\com.unity.multiplayer.playmode@d6d235962e24\Workflow\Editor\Workflow\VirtualProjectWorkflow.cs:85 
  at Unity.Multiplayer.Playmode.VirtualProjects.Editor.EditorContexts.SendReadyEvent () [0x00038] in .\Library\PackageCache\com.unity.multiplayer.playmode@d6d235962e24\VirtualProjects\Editor\Contexts\EditorContexts.cs:56 
  at (wrapper managed-to-native) System.Reflection.RuntimeMethodInfo.InternalInvoke(System.Reflection.RuntimeMethodInfo,object,object[],System.Exception&)
  at System.Reflection.RuntimeMethodInfo.Invoke (System.Object obj, System.Reflection.BindingFlags invokeAttr, System.Reflection.Binder binder, System.Object[] parameters, System.Globalization.CultureInfo culture) [0x0006a] in <932fbe8ac5a946808aa5d7b95844e18c>:0 
   --- End of inner exception stack trace ---
  at System.Reflection.RuntimeMethodInfo.Invoke (System.Object obj, System.Reflection.BindingFlags invokeAttr, System.Reflection.Binder binder, System.Object[] parameters, System.Globalization.CultureInfo culture) [0x00083] in <932fbe8ac5a946808aa5d7b95844e18c>:0 
  at System.Reflection.MethodBase.Invoke (System.Object obj, System.Object[] parameters) [0x00000] in <932fbe8ac5a946808aa5d7b95844e18c>:0 
  at UnityEditor.EditorAssemblies.ProcessInitializeOnLoadMethodAttributes () [0x00056] in <9c43f02f34964a0586d7e17362cb06ae>:0 
UnityEngine.Debug:ExtractStackTraceNoAlloc (byte*,int,string)
UnityEngine.StackTraceUtility:ExtractStackTrace ()
UnityEngine.DebugLogHandler:Internal_Log (UnityEngine.LogType,UnityEngine.LogOption,string,UnityEngine.Object)
UnityEngine.DebugLogHandler:LogFormat (UnityEngine.LogType,UnityEngine.Object,string,object[])
UnityEngine.Logger:Log (UnityEngine.LogType,object)
UnityEngine.Debug:LogError (object)
UnityEditor.EditorAssemblies:ProcessInitializeOnLoadMethodAttributes ()

Mono: successfully reloaded assembly
- Finished resetting the current domain, in  1.215 seconds
Domain Reload Profiling: 2248ms
	BeginReloadAssembly (258ms)
		ExecutionOrderSort (0ms)
		DisableScriptedObjects (7ms)
		BackupInstance (0ms)
		ReleaseScriptingObjects (0ms)
		CreateAndSetChildDomain (66ms)
	RebuildCommonClasses (40ms)
	RebuildNativeTypeToScriptingClass (17ms)
	initialDomainReloadingComplete (58ms)
	LoadAllAssembliesAndSetupDomain (660ms)
		LoadAssemblies (418ms)
		RebuildTransferFunctionScriptingTraits (0ms)
		AnalyzeDomain (355ms)
			TypeCache.Refresh (9ms)
				TypeCache.ScanAssembly (0ms)
			BuildScriptInfoCaches (326ms)
			ResolveRequiredComponents (16ms)
	FinalizeReload (1215ms)
		ReleaseScriptCaches (0ms)
		RebuildScriptCaches (0ms)
		SetupLoadedEditorAssemblies (977ms)
			LogAssemblyErrors (0ms)
			InitializePlatformSupportModulesInManaged (11ms)
			SetLoadedEditorAssemblies (9ms)
			BeforeProcessingInitializeOnLoad (213ms)
			ProcessInitializeOnLoadAttributes (521ms)
			ProcessInitializeOnLoadMethodAttributes (217ms)
			AfterProcessingInitializeOnLoad (6ms)
			EditorAssembliesLoaded (1ms)
		ExecutionOrderSort2 (0ms)
		AwakeInstancesAfterBackupRestoration (36ms)
Refreshing native plugins compatible for Editor in 7.12 ms, found 5 plugins.
Preloading 1 native plugins for Editor in 0.05 ms.
Unloading 13 Unused Serialized files (Serialized files now loaded: 0)
Unloading 9837 unused Assets / (5.8 MB). Loaded Objects now: 10573.
Memory consumption went from 173.5 MB to 167.7 MB.
Total: 13.647000 ms (FindLiveObjects: 1.300200 ms CreateObjectMapping: 0.632800 ms MarkObjects: 6.455100 ms  DeleteObjects: 5.257500 ms)

Prepare: number of updated asset objects reloaded= 0
========================================================================
Received Prepare
Begin MonoManager ReloadAssembly
[Licensing::Client] Successfully resolved entitlement details
Symbol file LoadedFromMemory is not a mono symbol file
- Loaded All Assemblies, in  1.257 seconds
Refreshing native plugins compatible for Editor in 8.17 ms, found 5 plugins.
Native extension for Android target not found
Native extension for WindowsStandalone target not found
[Package Manager] Failed to launch server process. Reason: Unity was launched with the -noUpm command-line argument
[Package Manager] Unable to send message (not connected to server process).
[Package Manager] Cannot connect to Unity Package Manager local server
System.Reflection.TargetInvocationException: Exception has been thrown by the target of an invocation. ---> System.NullReferenceException: Object reference not set to an instance of an object
  at Unity.Multiplayer.Playmode.Workflow.Editor.ProjectDataStore..ctor (System.String directory) [0x0006e] in .\Library\PackageCache\com.unity.multiplayer.playmode@d6d235962e24\Workflow\Editor\Configuration\ProjectDataStore.cs:55 
  at Unity.Multiplayer.Playmode.Workflow.Editor.ProjectDataStore.GetMain () [0x00000] in .\Library\PackageCache\com.unity.multiplayer.playmode@d6d235962e24\Workflow\Editor\Configuration\ProjectDataStore.cs:36 
  at Unity.Multiplayer.Playmode.Workflow.Editor.WorkflowMainEditorContext..ctor (Unity.Multiplayer.Playmode.VirtualProjects.Editor.MainEditorContext mainEditorContext) [0x0002c] in .\Library\PackageCache\com.unity.multiplayer.playmode@d6d235962e24\Workflow\Editor\Contexts\WorkflowMainEditorContext.cs:15 
  at Unity.Multiplayer.Playmode.Workflow.Editor.VirtualProjectWorkflow.InitializeMPPMContexts () [0x00018] in .\Library\PackageCache\com.unity.multiplayer.playmode@d6d235962e24\Workflow\Editor\Workflow\VirtualProjectWorkflow.cs:204 
  at Unity.Multiplayer.Playmode.Workflow.Editor.VirtualProjectWorkflow+<>c.<.cctor>b__22_0 () [0x00036] in .\Library\PackageCache\com.unity.multiplayer.playmode@d6d235962e24\Workflow\Editor\Workflow\VirtualProjectWorkflow.cs:85 
  at Unity.Multiplayer.Playmode.VirtualProjects.Editor.EditorContexts.SendReadyEvent () [0x00038] in .\Library\PackageCache\com.unity.multiplayer.playmode@d6d235962e24\VirtualProjects\Editor\Contexts\EditorContexts.cs:56 
  at (wrapper managed-to-native) System.Reflection.RuntimeMethodInfo.InternalInvoke(System.Reflection.RuntimeMethodInfo,object,object[],System.Exception&)
  at System.Reflection.RuntimeMethodInfo.Invoke (System.Object obj, System.Reflection.BindingFlags invokeAttr, System.Reflection.Binder binder, System.Object[] parameters, System.Globalization.CultureInfo culture) [0x0006a] in <932fbe8ac5a946808aa5d7b95844e18c>:0 
   --- End of inner exception stack trace ---
  at System.Reflection.RuntimeMethodInfo.Invoke (System.Object obj, System.Reflection.BindingFlags invokeAttr, System.Reflection.Binder binder, System.Object[] parameters, System.Globalization.CultureInfo culture) [0x00083] in <932fbe8ac5a946808aa5d7b95844e18c>:0 
  at System.Reflection.MethodBase.Invoke (System.Object obj, System.Object[] parameters) [0x00000] in <932fbe8ac5a946808aa5d7b95844e18c>:0 
  at UnityEditor.EditorAssemblies.ProcessInitializeOnLoadMethodAttributes () [0x00056] in <9c43f02f34964a0586d7e17362cb06ae>:0 
UnityEngine.Debug:ExtractStackTraceNoAlloc (byte*,int,string)
UnityEngine.StackTraceUtility:ExtractStackTrace ()
UnityEngine.DebugLogHandler:Internal_Log (UnityEngine.LogType,UnityEngine.LogOption,string,UnityEngine.Object)
UnityEngine.DebugLogHandler:LogFormat (UnityEngine.LogType,UnityEngine.Object,string,object[])
UnityEngine.Logger:Log (UnityEngine.LogType,object)
UnityEngine.Debug:LogError (object)
UnityEditor.EditorAssemblies:ProcessInitializeOnLoadMethodAttributes ()

Mono: successfully reloaded assembly
- Finished resetting the current domain, in  1.505 seconds
Domain Reload Profiling: 2766ms
	BeginReloadAssembly (291ms)
		ExecutionOrderSort (0ms)
		DisableScriptedObjects (8ms)
		BackupInstance (0ms)
		ReleaseScriptingObjects (0ms)
		CreateAndSetChildDomain (76ms)
	RebuildCommonClasses (52ms)
	RebuildNativeTypeToScriptingClass (20ms)
	initialDomainReloadingComplete (63ms)
	LoadAllAssembliesAndSetupDomain (834ms)
		LoadAssemblies (498ms)
		RebuildTransferFunctionScriptingTraits (0ms)
		AnalyzeDomain (463ms)
			TypeCache.Refresh (11ms)
				TypeCache.ScanAssembly (0ms)
			BuildScriptInfoCaches (427ms)
			ResolveRequiredComponents (20ms)
	FinalizeReload (1506ms)
		ReleaseScriptCaches (0ms)
		RebuildScriptCaches (0ms)
		SetupLoadedEditorAssemblies (1228ms)
			LogAssemblyErrors (0ms)
			InitializePlatformSupportModulesInManaged (24ms)
			SetLoadedEditorAssemblies (8ms)
			BeforeProcessingInitializeOnLoad (271ms)
			ProcessInitializeOnLoadAttributes (661ms)
			ProcessInitializeOnLoadMethodAttributes (257ms)
			AfterProcessingInitializeOnLoad (5ms)
			EditorAssembliesLoaded (1ms)
		ExecutionOrderSort2 (0ms)
		AwakeInstancesAfterBackupRestoration (30ms)
Refreshing native plugins compatible for Editor in 6.18 ms, found 5 plugins.
Preloading 1 native plugins for Editor in 0.05 ms.
Unloading 13 Unused Serialized files (Serialized files now loaded: 0)
Unloading 9837 unused Assets / (5.6 MB). Loaded Objects now: 10577.
Memory consumption went from 173.6 MB to 168.1 MB.
Total: 14.782600 ms (FindLiveObjects: 1.245700 ms CreateObjectMapping: 0.653200 ms MarkObjects: 8.119400 ms  DeleteObjects: 4.762700 ms)

Prepare: number of updated asset objects reloaded= 0
========================================================================
Received Prepare
Begin MonoManager ReloadAssembly
[Licensing::Client] Successfully resolved entitlement details
Symbol file LoadedFromMemory is not a mono symbol file
- Loaded All Assemblies, in  1.037 seconds
Refreshing native plugins compatible for Editor in 4.77 ms, found 5 plugins.
Native extension for Android target not found
Native extension for WindowsStandalone target not found
[Package Manager] Failed to launch server process. Reason: Unity was launched with the -noUpm command-line argument
[Package Manager] Unable to send message (not connected to server process).
[Package Manager] Cannot connect to Unity Package Manager local server
System.Reflection.TargetInvocationException: Exception has been thrown by the target of an invocation. ---> System.NullReferenceException: Object reference not set to an instance of an object
  at Unity.Multiplayer.Playmode.Workflow.Editor.ProjectDataStore..ctor (System.String directory) [0x0006e] in .\Library\PackageCache\com.unity.multiplayer.playmode@d6d235962e24\Workflow\Editor\Configuration\ProjectDataStore.cs:55 
  at Unity.Multiplayer.Playmode.Workflow.Editor.ProjectDataStore.GetMain () [0x00000] in .\Library\PackageCache\com.unity.multiplayer.playmode@d6d235962e24\Workflow\Editor\Configuration\ProjectDataStore.cs:36 
  at Unity.Multiplayer.Playmode.Workflow.Editor.WorkflowMainEditorContext..ctor (Unity.Multiplayer.Playmode.VirtualProjects.Editor.MainEditorContext mainEditorContext) [0x0002c] in .\Library\PackageCache\com.unity.multiplayer.playmode@d6d235962e24\Workflow\Editor\Contexts\WorkflowMainEditorContext.cs:15 
  at Unity.Multiplayer.Playmode.Workflow.Editor.VirtualProjectWorkflow.InitializeMPPMContexts () [0x00018] in .\Library\PackageCache\com.unity.multiplayer.playmode@d6d235962e24\Workflow\Editor\Workflow\VirtualProjectWorkflow.cs:204 
  at Unity.Multiplayer.Playmode.Workflow.Editor.VirtualProjectWorkflow+<>c.<.cctor>b__22_0 () [0x00036] in .\Library\PackageCache\com.unity.multiplayer.playmode@d6d235962e24\Workflow\Editor\Workflow\VirtualProjectWorkflow.cs:85 
  at Unity.Multiplayer.Playmode.VirtualProjects.Editor.EditorContexts.SendReadyEvent () [0x00038] in .\Library\PackageCache\com.unity.multiplayer.playmode@d6d235962e24\VirtualProjects\Editor\Contexts\EditorContexts.cs:56 
  at (wrapper managed-to-native) System.Reflection.RuntimeMethodInfo.InternalInvoke(System.Reflection.RuntimeMethodInfo,object,object[],System.Exception&)
  at System.Reflection.RuntimeMethodInfo.Invoke (System.Object obj, System.Reflection.BindingFlags invokeAttr, System.Reflection.Binder binder, System.Object[] parameters, System.Globalization.CultureInfo culture) [0x0006a] in <932fbe8ac5a946808aa5d7b95844e18c>:0 
   --- End of inner exception stack trace ---
  at System.Reflection.RuntimeMethodInfo.Invoke (System.Object obj, System.Reflection.BindingFlags invokeAttr, System.Reflection.Binder binder, System.Object[] parameters, System.Globalization.CultureInfo culture) [0x00083] in <932fbe8ac5a946808aa5d7b95844e18c>:0 
  at System.Reflection.MethodBase.Invoke (System.Object obj, System.Object[] parameters) [0x00000] in <932fbe8ac5a946808aa5d7b95844e18c>:0 
  at UnityEditor.EditorAssemblies.ProcessInitializeOnLoadMethodAttributes () [0x00056] in <9c43f02f34964a0586d7e17362cb06ae>:0 
UnityEngine.Debug:ExtractStackTraceNoAlloc (byte*,int,string)
UnityEngine.StackTraceUtility:ExtractStackTrace ()
UnityEngine.DebugLogHandler:Internal_Log (UnityEngine.LogType,UnityEngine.LogOption,string,UnityEngine.Object)
UnityEngine.DebugLogHandler:LogFormat (UnityEngine.LogType,UnityEngine.Object,string,object[])
UnityEngine.Logger:Log (UnityEngine.LogType,object)
UnityEngine.Debug:LogError (object)
UnityEditor.EditorAssemblies:ProcessInitializeOnLoadMethodAttributes ()

Mono: successfully reloaded assembly
- Finished resetting the current domain, in  1.257 seconds
Domain Reload Profiling: 2294ms
	BeginReloadAssembly (254ms)
		ExecutionOrderSort (0ms)
		DisableScriptedObjects (8ms)
		BackupInstance (0ms)
		ReleaseScriptingObjects (0ms)
		CreateAndSetChildDomain (67ms)
	RebuildCommonClasses (45ms)
	RebuildNativeTypeToScriptingClass (18ms)
	initialDomainReloadingComplete (58ms)
	LoadAllAssembliesAndSetupDomain (662ms)
		LoadAssemblies (412ms)
		RebuildTransferFunctionScriptingTraits (0ms)
		AnalyzeDomain (359ms)
			TypeCache.Refresh (11ms)
				TypeCache.ScanAssembly (0ms)
			BuildScriptInfoCaches (331ms)
			ResolveRequiredComponents (13ms)
	FinalizeReload (1257ms)
		ReleaseScriptCaches (0ms)
		RebuildScriptCaches (0ms)
		SetupLoadedEditorAssemblies (1023ms)
			LogAssemblyErrors (0ms)
			InitializePlatformSupportModulesInManaged (12ms)
			SetLoadedEditorAssemblies (6ms)
			BeforeProcessingInitializeOnLoad (195ms)
			ProcessInitializeOnLoadAttributes (546ms)
			ProcessInitializeOnLoadMethodAttributes (255ms)
			AfterProcessingInitializeOnLoad (8ms)
			EditorAssembliesLoaded (1ms)
		ExecutionOrderSort2 (0ms)
		AwakeInstancesAfterBackupRestoration (33ms)
Refreshing native plugins compatible for Editor in 7.06 ms, found 5 plugins.
Preloading 1 native plugins for Editor in 0.05 ms.
Unloading 13 Unused Serialized files (Serialized files now loaded: 0)
Unloading 9837 unused Assets / (4.8 MB). Loaded Objects now: 10581.
Memory consumption went from 178.8 MB to 174.0 MB.
Total: 16.360000 ms (FindLiveObjects: 1.484500 ms CreateObjectMapping: 1.287800 ms MarkObjects: 8.988100 ms  DeleteObjects: 4.597900 ms)

Prepare: number of updated asset objects reloaded= 0
========================================================================
Received Prepare
Begin MonoManager ReloadAssembly
Symbol file LoadedFromMemory is not a mono symbol file
- Loaded All Assemblies, in  0.998 seconds
Refreshing native plugins compatible for Editor in 5.15 ms, found 5 plugins.
Native extension for Android target not found
Native extension for WindowsStandalone target not found
[Package Manager] Failed to launch server process. Reason: Unity was launched with the -noUpm command-line argument
[Package Manager] Unable to send message (not connected to server process).
[Package Manager] Cannot connect to Unity Package Manager local server
System.Reflection.TargetInvocationException: Exception has been thrown by the target of an invocation. ---> System.NullReferenceException: Object reference not set to an instance of an object
  at Unity.Multiplayer.Playmode.Workflow.Editor.ProjectDataStore..ctor (System.String directory) [0x0006e] in .\Library\PackageCache\com.unity.multiplayer.playmode@d6d235962e24\Workflow\Editor\Configuration\ProjectDataStore.cs:55 
  at Unity.Multiplayer.Playmode.Workflow.Editor.ProjectDataStore.GetMain () [0x00000] in .\Library\PackageCache\com.unity.multiplayer.playmode@d6d235962e24\Workflow\Editor\Configuration\ProjectDataStore.cs:36 
  at Unity.Multiplayer.Playmode.Workflow.Editor.WorkflowMainEditorContext..ctor (Unity.Multiplayer.Playmode.VirtualProjects.Editor.MainEditorContext mainEditorContext) [0x0002c] in .\Library\PackageCache\com.unity.multiplayer.playmode@d6d235962e24\Workflow\Editor\Contexts\WorkflowMainEditorContext.cs:15 
  at Unity.Multiplayer.Playmode.Workflow.Editor.VirtualProjectWorkflow.InitializeMPPMContexts () [0x00018] in .\Library\PackageCache\com.unity.multiplayer.playmode@d6d235962e24\Workflow\Editor\Workflow\VirtualProjectWorkflow.cs:204 
  at Unity.Multiplayer.Playmode.Workflow.Editor.VirtualProjectWorkflow+<>c.<.cctor>b__22_0 () [0x00036] in .\Library\PackageCache\com.unity.multiplayer.playmode@d6d235962e24\Workflow\Editor\Workflow\VirtualProjectWorkflow.cs:85 
  at Unity.Multiplayer.Playmode.VirtualProjects.Editor.EditorContexts.SendReadyEvent () [0x00038] in .\Library\PackageCache\com.unity.multiplayer.playmode@d6d235962e24\VirtualProjects\Editor\Contexts\EditorContexts.cs:56 
  at (wrapper managed-to-native) System.Reflection.RuntimeMethodInfo.InternalInvoke(System.Reflection.RuntimeMethodInfo,object,object[],System.Exception&)
  at System.Reflection.RuntimeMethodInfo.Invoke (System.Object obj, System.Reflection.BindingFlags invokeAttr, System.Reflection.Binder binder, System.Object[] parameters, System.Globalization.CultureInfo culture) [0x0006a] in <932fbe8ac5a946808aa5d7b95844e18c>:0 
   --- End of inner exception stack trace ---
  at System.Reflection.RuntimeMethodInfo.Invoke (System.Object obj, System.Reflection.BindingFlags invokeAttr, System.Reflection.Binder binder, System.Object[] parameters, System.Globalization.CultureInfo culture) [0x00083] in <932fbe8ac5a946808aa5d7b95844e18c>:0 
  at System.Reflection.MethodBase.Invoke (System.Object obj, System.Object[] parameters) [0x00000] in <932fbe8ac5a946808aa5d7b95844e18c>:0 
  at UnityEditor.EditorAssemblies.ProcessInitializeOnLoadMethodAttributes () [0x00056] in <9c43f02f34964a0586d7e17362cb06ae>:0 
UnityEngine.Debug:ExtractStackTraceNoAlloc (byte*,int,string)
UnityEngine.StackTraceUtility:ExtractStackTrace ()
UnityEngine.DebugLogHandler:Internal_Log (UnityEngine.LogType,UnityEngine.LogOption,string,UnityEngine.Object)
UnityEngine.DebugLogHandler:LogFormat (UnityEngine.LogType,UnityEngine.Object,string,object[])
UnityEngine.Logger:Log (UnityEngine.LogType,object)
UnityEngine.Debug:LogError (object)
UnityEditor.EditorAssemblies:ProcessInitializeOnLoadMethodAttributes ()

Mono: successfully reloaded assembly
- Finished resetting the current domain, in  1.176 seconds
Domain Reload Profiling: 2174ms
	BeginReloadAssembly (235ms)
		ExecutionOrderSort (0ms)
		DisableScriptedObjects (6ms)
		BackupInstance (0ms)
		ReleaseScriptingObjects (0ms)
		CreateAndSetChildDomain (61ms)
	RebuildCommonClasses (40ms)
	RebuildNativeTypeToScriptingClass (15ms)
	initialDomainReloadingComplete (55ms)
	LoadAllAssembliesAndSetupDomain (653ms)
		LoadAssemblies (401ms)
		RebuildTransferFunctionScriptingTraits (0ms)
		AnalyzeDomain (354ms)
			TypeCache.Refresh (10ms)
				TypeCache.ScanAssembly (0ms)
			BuildScriptInfoCaches (327ms)
			ResolveRequiredComponents (13ms)
	FinalizeReload (1176ms)
		ReleaseScriptCaches (0ms)
		RebuildScriptCaches (0ms)
		SetupLoadedEditorAssemblies (943ms)
			LogAssemblyErrors (0ms)
			InitializePlatformSupportModulesInManaged (12ms)
			SetLoadedEditorAssemblies (6ms)
			BeforeProcessingInitializeOnLoad (202ms)
			ProcessInitializeOnLoadAttributes (494ms)
			ProcessInitializeOnLoadMethodAttributes (223ms)
			AfterProcessingInitializeOnLoad (5ms)
			EditorAssembliesLoaded (1ms)
		ExecutionOrderSort2 (0ms)
		AwakeInstancesAfterBackupRestoration (26ms)
Refreshing native plugins compatible for Editor in 8.76 ms, found 5 plugins.
Preloading 1 native plugins for Editor in 0.04 ms.
Unloading 13 Unused Serialized files (Serialized files now loaded: 0)
Unloading 9837 unused Assets / (3.0 MB). Loaded Objects now: 10585.
Memory consumption went from 173.7 MB to 170.8 MB.
Total: 19.943300 ms (FindLiveObjects: 1.739100 ms CreateObjectMapping: 2.665100 ms MarkObjects: 9.754000 ms  DeleteObjects: 5.783500 ms)

Prepare: number of updated asset objects reloaded= 0
========================================================================
Received Prepare
Begin MonoManager ReloadAssembly
[Licensing::Client] Successfully resolved entitlement details
Symbol file LoadedFromMemory is not a mono symbol file
- Loaded All Assemblies, in  1.044 seconds
Refreshing native plugins compatible for Editor in 5.44 ms, found 5 plugins.
Native extension for Android target not found
Native extension for WindowsStandalone target not found
[Package Manager] Failed to launch server process. Reason: Unity was launched with the -noUpm command-line argument
[Package Manager] Unable to send message (not connected to server process).
[Package Manager] Cannot connect to Unity Package Manager local server
System.Reflection.TargetInvocationException: Exception has been thrown by the target of an invocation. ---> System.NullReferenceException: Object reference not set to an instance of an object
  at Unity.Multiplayer.Playmode.Workflow.Editor.ProjectDataStore..ctor (System.String directory) [0x0006e] in .\Library\PackageCache\com.unity.multiplayer.playmode@d6d235962e24\Workflow\Editor\Configuration\ProjectDataStore.cs:55 
  at Unity.Multiplayer.Playmode.Workflow.Editor.ProjectDataStore.GetMain () [0x00000] in .\Library\PackageCache\com.unity.multiplayer.playmode@d6d235962e24\Workflow\Editor\Configuration\ProjectDataStore.cs:36 
  at Unity.Multiplayer.Playmode.Workflow.Editor.WorkflowMainEditorContext..ctor (Unity.Multiplayer.Playmode.VirtualProjects.Editor.MainEditorContext mainEditorContext) [0x0002c] in .\Library\PackageCache\com.unity.multiplayer.playmode@d6d235962e24\Workflow\Editor\Contexts\WorkflowMainEditorContext.cs:15 
  at Unity.Multiplayer.Playmode.Workflow.Editor.VirtualProjectWorkflow.InitializeMPPMContexts () [0x00018] in .\Library\PackageCache\com.unity.multiplayer.playmode@d6d235962e24\Workflow\Editor\Workflow\VirtualProjectWorkflow.cs:204 
  at Unity.Multiplayer.Playmode.Workflow.Editor.VirtualProjectWorkflow+<>c.<.cctor>b__22_0 () [0x00036] in .\Library\PackageCache\com.unity.multiplayer.playmode@d6d235962e24\Workflow\Editor\Workflow\VirtualProjectWorkflow.cs:85 
  at Unity.Multiplayer.Playmode.VirtualProjects.Editor.EditorContexts.SendReadyEvent () [0x00038] in .\Library\PackageCache\com.unity.multiplayer.playmode@d6d235962e24\VirtualProjects\Editor\Contexts\EditorContexts.cs:56 
  at (wrapper managed-to-native) System.Reflection.RuntimeMethodInfo.InternalInvoke(System.Reflection.RuntimeMethodInfo,object,object[],System.Exception&)
  at System.Reflection.RuntimeMethodInfo.Invoke (System.Object obj, System.Reflection.BindingFlags invokeAttr, System.Reflection.Binder binder, System.Object[] parameters, System.Globalization.CultureInfo culture) [0x0006a] in <932fbe8ac5a946808aa5d7b95844e18c>:0 
   --- End of inner exception stack trace ---
  at System.Reflection.RuntimeMethodInfo.Invoke (System.Object obj, System.Reflection.BindingFlags invokeAttr, System.Reflection.Binder binder, System.Object[] parameters, System.Globalization.CultureInfo culture) [0x00083] in <932fbe8ac5a946808aa5d7b95844e18c>:0 
  at System.Reflection.MethodBase.Invoke (System.Object obj, System.Object[] parameters) [0x00000] in <932fbe8ac5a946808aa5d7b95844e18c>:0 
  at UnityEditor.EditorAssemblies.ProcessInitializeOnLoadMethodAttributes () [0x00056] in <9c43f02f34964a0586d7e17362cb06ae>:0 
UnityEngine.Debug:ExtractStackTraceNoAlloc (byte*,int,string)
UnityEngine.StackTraceUtility:ExtractStackTrace ()
UnityEngine.DebugLogHandler:Internal_Log (UnityEngine.LogType,UnityEngine.LogOption,string,UnityEngine.Object)
UnityEngine.DebugLogHandler:LogFormat (UnityEngine.LogType,UnityEngine.Object,string,object[])
UnityEngine.Logger:Log (UnityEngine.LogType,object)
UnityEngine.Debug:LogError (object)
UnityEditor.EditorAssemblies:ProcessInitializeOnLoadMethodAttributes ()

Mono: successfully reloaded assembly
- Finished resetting the current domain, in  1.251 seconds
Domain Reload Profiling: 2298ms
	BeginReloadAssembly (260ms)
		ExecutionOrderSort (0ms)
		DisableScriptedObjects (8ms)
		BackupInstance (0ms)
		ReleaseScriptingObjects (0ms)
		CreateAndSetChildDomain (69ms)
	RebuildCommonClasses (42ms)
	RebuildNativeTypeToScriptingClass (18ms)
	initialDomainReloadingComplete (59ms)
	LoadAllAssembliesAndSetupDomain (666ms)
		LoadAssemblies (406ms)
		RebuildTransferFunctionScriptingTraits (0ms)
		AnalyzeDomain (359ms)
			TypeCache.Refresh (9ms)
				TypeCache.ScanAssembly (0ms)
			BuildScriptInfoCaches (332ms)
			ResolveRequiredComponents (14ms)
	FinalizeReload (1252ms)
		ReleaseScriptCaches (0ms)
		RebuildScriptCaches (0ms)
		SetupLoadedEditorAssemblies (1013ms)
			LogAssemblyErrors (0ms)
			InitializePlatformSupportModulesInManaged (12ms)
			SetLoadedEditorAssemblies (7ms)
			BeforeProcessingInitializeOnLoad (206ms)
			ProcessInitializeOnLoadAttributes (532ms)
			ProcessInitializeOnLoadMethodAttributes (247ms)
			AfterProcessingInitializeOnLoad (8ms)
			EditorAssembliesLoaded (1ms)
		ExecutionOrderSort2 (0ms)
		AwakeInstancesAfterBackupRestoration (37ms)
Refreshing native plugins compatible for Editor in 7.41 ms, found 5 plugins.
Preloading 1 native plugins for Editor in 0.05 ms.
Unloading 13 Unused Serialized files (Serialized files now loaded: 0)
Unloading 9837 unused Assets / (4.9 MB). Loaded Objects now: 10589.
Memory consumption went from 173.8 MB to 168.9 MB.
Total: 19.024900 ms (FindLiveObjects: 1.782700 ms CreateObjectMapping: 1.993800 ms MarkObjects: 9.596300 ms  DeleteObjects: 5.650400 ms)

Prepare: number of updated asset objects reloaded= 0
========================================================================
Received Prepare
Begin MonoManager ReloadAssembly
Symbol file LoadedFromMemory is not a mono symbol file
- Loaded All Assemblies, in  0.995 seconds
Refreshing native plugins compatible for Editor in 6.44 ms, found 5 plugins.
Native extension for Android target not found
Native extension for WindowsStandalone target not found
[Package Manager] Failed to launch server process. Reason: Unity was launched with the -noUpm command-line argument
[Package Manager] Unable to send message (not connected to server process).
[Package Manager] Cannot connect to Unity Package Manager local server
System.Reflection.TargetInvocationException: Exception has been thrown by the target of an invocation. ---> System.NullReferenceException: Object reference not set to an instance of an object
  at Unity.Multiplayer.Playmode.Workflow.Editor.ProjectDataStore..ctor (System.String directory) [0x0006e] in .\Library\PackageCache\com.unity.multiplayer.playmode@d6d235962e24\Workflow\Editor\Configuration\ProjectDataStore.cs:55 
  at Unity.Multiplayer.Playmode.Workflow.Editor.ProjectDataStore.GetMain () [0x00000] in .\Library\PackageCache\com.unity.multiplayer.playmode@d6d235962e24\Workflow\Editor\Configuration\ProjectDataStore.cs:36 
  at Unity.Multiplayer.Playmode.Workflow.Editor.WorkflowMainEditorContext..ctor (Unity.Multiplayer.Playmode.VirtualProjects.Editor.MainEditorContext mainEditorContext) [0x0002c] in .\Library\PackageCache\com.unity.multiplayer.playmode@d6d235962e24\Workflow\Editor\Contexts\WorkflowMainEditorContext.cs:15 
  at Unity.Multiplayer.Playmode.Workflow.Editor.VirtualProjectWorkflow.InitializeMPPMContexts () [0x00018] in .\Library\PackageCache\com.unity.multiplayer.playmode@d6d235962e24\Workflow\Editor\Workflow\VirtualProjectWorkflow.cs:204 
  at Unity.Multiplayer.Playmode.Workflow.Editor.VirtualProjectWorkflow+<>c.<.cctor>b__22_0 () [0x00036] in .\Library\PackageCache\com.unity.multiplayer.playmode@d6d235962e24\Workflow\Editor\Workflow\VirtualProjectWorkflow.cs:85 
  at Unity.Multiplayer.Playmode.VirtualProjects.Editor.EditorContexts.SendReadyEvent () [0x00038] in .\Library\PackageCache\com.unity.multiplayer.playmode@d6d235962e24\VirtualProjects\Editor\Contexts\EditorContexts.cs:56 
  at (wrapper managed-to-native) System.Reflection.RuntimeMethodInfo.InternalInvoke(System.Reflection.RuntimeMethodInfo,object,object[],System.Exception&)
  at System.Reflection.RuntimeMethodInfo.Invoke (System.Object obj, System.Reflection.BindingFlags invokeAttr, System.Reflection.Binder binder, System.Object[] parameters, System.Globalization.CultureInfo culture) [0x0006a] in <932fbe8ac5a946808aa5d7b95844e18c>:0 
   --- End of inner exception stack trace ---
  at System.Reflection.RuntimeMethodInfo.Invoke (System.Object obj, System.Reflection.BindingFlags invokeAttr, System.Reflection.Binder binder, System.Object[] parameters, System.Globalization.CultureInfo culture) [0x00083] in <932fbe8ac5a946808aa5d7b95844e18c>:0 
  at System.Reflection.MethodBase.Invoke (System.Object obj, System.Object[] parameters) [0x00000] in <932fbe8ac5a946808aa5d7b95844e18c>:0 
  at UnityEditor.EditorAssemblies.ProcessInitializeOnLoadMethodAttributes () [0x00056] in <9c43f02f34964a0586d7e17362cb06ae>:0 
UnityEngine.Debug:ExtractStackTraceNoAlloc (byte*,int,string)
UnityEngine.StackTraceUtility:ExtractStackTrace ()
UnityEngine.DebugLogHandler:Internal_Log (UnityEngine.LogType,UnityEngine.LogOption,string,UnityEngine.Object)
UnityEngine.DebugLogHandler:LogFormat (UnityEngine.LogType,UnityEngine.Object,string,object[])
UnityEngine.Logger:Log (UnityEngine.LogType,object)
UnityEngine.Debug:LogError (object)
UnityEditor.EditorAssemblies:ProcessInitializeOnLoadMethodAttributes ()

Mono: successfully reloaded assembly
- Finished resetting the current domain, in  1.238 seconds
Domain Reload Profiling: 2235ms
	BeginReloadAssembly (231ms)
		ExecutionOrderSort (0ms)
		DisableScriptedObjects (6ms)
		BackupInstance (0ms)
		ReleaseScriptingObjects (0ms)
		CreateAndSetChildDomain (61ms)
	RebuildCommonClasses (45ms)
	RebuildNativeTypeToScriptingClass (22ms)
	initialDomainReloadingComplete (59ms)
	LoadAllAssembliesAndSetupDomain (640ms)
		LoadAssemblies (394ms)
		RebuildTransferFunctionScriptingTraits (0ms)
		AnalyzeDomain (342ms)
			TypeCache.Refresh (10ms)
				TypeCache.ScanAssembly (0ms)
			BuildScriptInfoCaches (312ms)
			ResolveRequiredComponents (15ms)
	FinalizeReload (1238ms)
		ReleaseScriptCaches (0ms)
		RebuildScriptCaches (0ms)
		SetupLoadedEditorAssemblies (1010ms)
			LogAssemblyErrors (0ms)
			InitializePlatformSupportModulesInManaged (12ms)
			SetLoadedEditorAssemblies (8ms)
			BeforeProcessingInitializeOnLoad (199ms)
			ProcessInitializeOnLoadAttributes (516ms)
			ProcessInitializeOnLoadMethodAttributes (268ms)
			AfterProcessingInitializeOnLoad (7ms)
			EditorAssembliesLoaded (1ms)
		ExecutionOrderSort2 (0ms)
		AwakeInstancesAfterBackupRestoration (30ms)
Refreshing native plugins compatible for Editor in 6.72 ms, found 5 plugins.
Preloading 1 native plugins for Editor in 0.10 ms.
Unloading 13 Unused Serialized files (Serialized files now loaded: 0)
Unloading 9837 unused Assets / (5.7 MB). Loaded Objects now: 10593.
Memory consumption went from 173.8 MB to 168.1 MB.
Total: 16.048500 ms (FindLiveObjects: 1.393700 ms CreateObjectMapping: 1.702600 ms MarkObjects: 7.512100 ms  DeleteObjects: 5.438600 ms)

Prepare: number of updated asset objects reloaded= 0
========================================================================
Received Prepare
Begin MonoManager ReloadAssembly
[Licensing::Client] Successfully resolved entitlement details
Symbol file LoadedFromMemory is not a mono symbol file
- Loaded All Assemblies, in  1.125 seconds
Refreshing native plugins compatible for Editor in 7.97 ms, found 5 plugins.
Native extension for Android target not found
Native extension for WindowsStandalone target not found
[Package Manager] Failed to launch server process. Reason: Unity was launched with the -noUpm command-line argument
[Package Manager] Unable to send message (not connected to server process).
[Package Manager] Cannot connect to Unity Package Manager local server
System.Reflection.TargetInvocationException: Exception has been thrown by the target of an invocation. ---> System.NullReferenceException: Object reference not set to an instance of an object
  at Unity.Multiplayer.Playmode.Workflow.Editor.ProjectDataStore..ctor (System.String directory) [0x0006e] in .\Library\PackageCache\com.unity.multiplayer.playmode@d6d235962e24\Workflow\Editor\Configuration\ProjectDataStore.cs:55 
  at Unity.Multiplayer.Playmode.Workflow.Editor.ProjectDataStore.GetMain () [0x00000] in .\Library\PackageCache\com.unity.multiplayer.playmode@d6d235962e24\Workflow\Editor\Configuration\ProjectDataStore.cs:36 
  at Unity.Multiplayer.Playmode.Workflow.Editor.WorkflowMainEditorContext..ctor (Unity.Multiplayer.Playmode.VirtualProjects.Editor.MainEditorContext mainEditorContext) [0x0002c] in .\Library\PackageCache\com.unity.multiplayer.playmode@d6d235962e24\Workflow\Editor\Contexts\WorkflowMainEditorContext.cs:15 
  at Unity.Multiplayer.Playmode.Workflow.Editor.VirtualProjectWorkflow.InitializeMPPMContexts () [0x00018] in .\Library\PackageCache\com.unity.multiplayer.playmode@d6d235962e24\Workflow\Editor\Workflow\VirtualProjectWorkflow.cs:204 
  at Unity.Multiplayer.Playmode.Workflow.Editor.VirtualProjectWorkflow+<>c.<.cctor>b__22_0 () [0x00036] in .\Library\PackageCache\com.unity.multiplayer.playmode@d6d235962e24\Workflow\Editor\Workflow\VirtualProjectWorkflow.cs:85 
  at Unity.Multiplayer.Playmode.VirtualProjects.Editor.EditorContexts.SendReadyEvent () [0x00038] in .\Library\PackageCache\com.unity.multiplayer.playmode@d6d235962e24\VirtualProjects\Editor\Contexts\EditorContexts.cs:56 
  at (wrapper managed-to-native) System.Reflection.RuntimeMethodInfo.InternalInvoke(System.Reflection.RuntimeMethodInfo,object,object[],System.Exception&)
  at System.Reflection.RuntimeMethodInfo.Invoke (System.Object obj, System.Reflection.BindingFlags invokeAttr, System.Reflection.Binder binder, System.Object[] parameters, System.Globalization.CultureInfo culture) [0x0006a] in <932fbe8ac5a946808aa5d7b95844e18c>:0 
   --- End of inner exception stack trace ---
  at System.Reflection.RuntimeMethodInfo.Invoke (System.Object obj, System.Reflection.BindingFlags invokeAttr, System.Reflection.Binder binder, System.Object[] parameters, System.Globalization.CultureInfo culture) [0x00083] in <932fbe8ac5a946808aa5d7b95844e18c>:0 
  at System.Reflection.MethodBase.Invoke (System.Object obj, System.Object[] parameters) [0x00000] in <932fbe8ac5a946808aa5d7b95844e18c>:0 
  at UnityEditor.EditorAssemblies.ProcessInitializeOnLoadMethodAttributes () [0x00056] in <9c43f02f34964a0586d7e17362cb06ae>:0 
UnityEngine.Debug:ExtractStackTraceNoAlloc (byte*,int,string)
UnityEngine.StackTraceUtility:ExtractStackTrace ()
UnityEngine.DebugLogHandler:Internal_Log (UnityEngine.LogType,UnityEngine.LogOption,string,UnityEngine.Object)
UnityEngine.DebugLogHandler:LogFormat (UnityEngine.LogType,UnityEngine.Object,string,object[])
UnityEngine.Logger:Log (UnityEngine.LogType,object)
UnityEngine.Debug:LogError (object)
UnityEditor.EditorAssemblies:ProcessInitializeOnLoadMethodAttributes ()

Mono: successfully reloaded assembly
- Finished resetting the current domain, in  1.417 seconds
Domain Reload Profiling: 2545ms
	BeginReloadAssembly (270ms)
		ExecutionOrderSort (0ms)
		DisableScriptedObjects (10ms)
		BackupInstance (0ms)
		ReleaseScriptingObjects (0ms)
		CreateAndSetChildDomain (65ms)
	RebuildCommonClasses (48ms)
	RebuildNativeTypeToScriptingClass (16ms)
	initialDomainReloadingComplete (64ms)
	LoadAllAssembliesAndSetupDomain (730ms)
		LoadAssemblies (452ms)
		RebuildTransferFunctionScriptingTraits (0ms)
		AnalyzeDomain (399ms)
			TypeCache.Refresh (11ms)
				TypeCache.ScanAssembly (0ms)
			BuildScriptInfoCaches (368ms)
			ResolveRequiredComponents (15ms)
	FinalizeReload (1417ms)
		ReleaseScriptCaches (0ms)
		RebuildScriptCaches (0ms)
		SetupLoadedEditorAssemblies (1160ms)
			LogAssemblyErrors (0ms)
			InitializePlatformSupportModulesInManaged (13ms)
			SetLoadedEditorAssemblies (8ms)
			BeforeProcessingInitializeOnLoad (212ms)
			ProcessInitializeOnLoadAttributes (615ms)
			ProcessInitializeOnLoadMethodAttributes (303ms)
			AfterProcessingInitializeOnLoad (8ms)
			EditorAssembliesLoaded (1ms)
		ExecutionOrderSort2 (0ms)
		AwakeInstancesAfterBackupRestoration (32ms)
Refreshing native plugins compatible for Editor in 7.64 ms, found 5 plugins.
Preloading 1 native plugins for Editor in 0.08 ms.
Unloading 13 Unused Serialized files (Serialized files now loaded: 0)
Unloading 9837 unused Assets / (4.7 MB). Loaded Objects now: 10597.
Memory consumption went from 173.9 MB to 169.2 MB.
Total: 15.045400 ms (FindLiveObjects: 1.746800 ms CreateObjectMapping: 1.336100 ms MarkObjects: 8.226200 ms  DeleteObjects: 3.734200 ms)

Prepare: number of updated asset objects reloaded= 0
========================================================================
Received Prepare
Begin MonoManager ReloadAssembly
[Licensing::Client] Successfully resolved entitlement details
Symbol file LoadedFromMemory is not a mono symbol file
- Loaded All Assemblies, in  0.989 seconds
Refreshing native plugins compatible for Editor in 5.22 ms, found 5 plugins.
Native extension for Android target not found
Native extension for WindowsStandalone target not found
[Package Manager] Failed to launch server process. Reason: Unity was launched with the -noUpm command-line argument
[Package Manager] Unable to send message (not connected to server process).
[Package Manager] Cannot connect to Unity Package Manager local server
System.Reflection.TargetInvocationException: Exception has been thrown by the target of an invocation. ---> System.NullReferenceException: Object reference not set to an instance of an object
  at Unity.Multiplayer.Playmode.Workflow.Editor.ProjectDataStore..ctor (System.String directory) [0x0006e] in .\Library\PackageCache\com.unity.multiplayer.playmode@d6d235962e24\Workflow\Editor\Configuration\ProjectDataStore.cs:55 
  at Unity.Multiplayer.Playmode.Workflow.Editor.ProjectDataStore.GetMain () [0x00000] in .\Library\PackageCache\com.unity.multiplayer.playmode@d6d235962e24\Workflow\Editor\Configuration\ProjectDataStore.cs:36 
  at Unity.Multiplayer.Playmode.Workflow.Editor.WorkflowMainEditorContext..ctor (Unity.Multiplayer.Playmode.VirtualProjects.Editor.MainEditorContext mainEditorContext) [0x0002c] in .\Library\PackageCache\com.unity.multiplayer.playmode@d6d235962e24\Workflow\Editor\Contexts\WorkflowMainEditorContext.cs:15 
  at Unity.Multiplayer.Playmode.Workflow.Editor.VirtualProjectWorkflow.InitializeMPPMContexts () [0x00018] in .\Library\PackageCache\com.unity.multiplayer.playmode@d6d235962e24\Workflow\Editor\Workflow\VirtualProjectWorkflow.cs:204 
  at Unity.Multiplayer.Playmode.Workflow.Editor.VirtualProjectWorkflow+<>c.<.cctor>b__22_0 () [0x00036] in .\Library\PackageCache\com.unity.multiplayer.playmode@d6d235962e24\Workflow\Editor\Workflow\VirtualProjectWorkflow.cs:85 
  at Unity.Multiplayer.Playmode.VirtualProjects.Editor.EditorContexts.SendReadyEvent () [0x00038] in .\Library\PackageCache\com.unity.multiplayer.playmode@d6d235962e24\VirtualProjects\Editor\Contexts\EditorContexts.cs:56 
  at (wrapper managed-to-native) System.Reflection.RuntimeMethodInfo.InternalInvoke(System.Reflection.RuntimeMethodInfo,object,object[],System.Exception&)
  at System.Reflection.RuntimeMethodInfo.Invoke (System.Object obj, System.Reflection.BindingFlags invokeAttr, System.Reflection.Binder binder, System.Object[] parameters, System.Globalization.CultureInfo culture) [0x0006a] in <932fbe8ac5a946808aa5d7b95844e18c>:0 
   --- End of inner exception stack trace ---
  at System.Reflection.RuntimeMethodInfo.Invoke (System.Object obj, System.Reflection.BindingFlags invokeAttr, System.Reflection.Binder binder, System.Object[] parameters, System.Globalization.CultureInfo culture) [0x00083] in <932fbe8ac5a946808aa5d7b95844e18c>:0 
  at System.Reflection.MethodBase.Invoke (System.Object obj, System.Object[] parameters) [0x00000] in <932fbe8ac5a946808aa5d7b95844e18c>:0 
  at UnityEditor.EditorAssemblies.ProcessInitializeOnLoadMethodAttributes () [0x00056] in <9c43f02f34964a0586d7e17362cb06ae>:0 
UnityEngine.Debug:ExtractStackTraceNoAlloc (byte*,int,string)
UnityEngine.StackTraceUtility:ExtractStackTrace ()
UnityEngine.DebugLogHandler:Internal_Log (UnityEngine.LogType,UnityEngine.LogOption,string,UnityEngine.Object)
UnityEngine.DebugLogHandler:LogFormat (UnityEngine.LogType,UnityEngine.Object,string,object[])
UnityEngine.Logger:Log (UnityEngine.LogType,object)
UnityEngine.Debug:LogError (object)
UnityEditor.EditorAssemblies:ProcessInitializeOnLoadMethodAttributes ()

Mono: successfully reloaded assembly
- Finished resetting the current domain, in  1.212 seconds
Domain Reload Profiling: 2204ms
	BeginReloadAssembly (233ms)
		ExecutionOrderSort (0ms)
		DisableScriptedObjects (7ms)
		BackupInstance (0ms)
		ReleaseScriptingObjects (0ms)
		CreateAndSetChildDomain (58ms)
	RebuildCommonClasses (39ms)
	RebuildNativeTypeToScriptingClass (15ms)
	initialDomainReloadingComplete (55ms)
	LoadAllAssembliesAndSetupDomain (651ms)
		LoadAssemblies (395ms)
		RebuildTransferFunctionScriptingTraits (0ms)
		AnalyzeDomain (349ms)
			TypeCache.Refresh (8ms)
				TypeCache.ScanAssembly (0ms)
			BuildScriptInfoCaches (322ms)
			ResolveRequiredComponents (14ms)
	FinalizeReload (1212ms)
		ReleaseScriptCaches (0ms)
		RebuildScriptCaches (0ms)
		SetupLoadedEditorAssemblies (990ms)
			LogAssemblyErrors (0ms)
			InitializePlatformSupportModulesInManaged (11ms)
			SetLoadedEditorAssemblies (8ms)
			BeforeProcessingInitializeOnLoad (200ms)
			ProcessInitializeOnLoadAttributes (509ms)
			ProcessInitializeOnLoadMethodAttributes (252ms)
			AfterProcessingInitializeOnLoad (9ms)
			EditorAssembliesLoaded (1ms)
		ExecutionOrderSort2 (0ms)
		AwakeInstancesAfterBackupRestoration (30ms)
Refreshing native plugins compatible for Editor in 6.50 ms, found 5 plugins.
Preloading 1 native plugins for Editor in 0.05 ms.
Unloading 13 Unused Serialized files (Serialized files now loaded: 0)
Unloading 9837 unused Assets / (5.8 MB). Loaded Objects now: 10601.
Memory consumption went from 173.9 MB to 168.1 MB.
Total: 16.714900 ms (FindLiveObjects: 1.545100 ms CreateObjectMapping: 1.051300 ms MarkObjects: 8.482400 ms  DeleteObjects: 5.634100 ms)

Prepare: number of updated asset objects reloaded= 0
